id,monitoring_session_id,artifact_key,window_number,state,pcap_relative_path,pcap_sha256,pcap_size,csv_relative_path,csv_sha256,csv_size,extractor_identity,extracted_row_count,adapted_row_count,error_stage,error_message,capture_started_at,capture_finished_at,extraction_finished_at,committed_at,created_at
1207,20,147a07c3d157465db6ffba4062c15e08,1,FAILED,pcap/window-000001.pcap,704e5e5b3234433c01fcfd1b20a306e77e985038120492dc53965c3edd38a4ea,24,,,,sha256:b12b3a4a4218968aba2436685a4eb113473e5681de70705409e834e4613a879b,0,0,NO_TRAFFIC,No traffic observed in capture window,2026-09-17 09:13:14.131915+00,2026-09-17 09:13:24.226887+00,,,2026-09-17 09:13:14.133127+00
1208,20,e7ef4bfcbd194f858f70a4b5ce26865d,2,FAILED,pcap/window-000002.pcap,704e5e5b3234433c01fcfd1b20a306e77e985038120492dc53965c3edd38a4ea,24,,,,sha256:b12b3a4a4218968aba2436685a4eb113473e5681de70705409e834e4613a879b,0,0,NO_TRAFFIC,No traffic observed in capture window,2026-09-17 09:13:24.24214+00,2026-09-17 09:13:34.381908+00,,,2026-09-17 09:13:24.244038+00
1209,20,6b5251cee55c4548ae079aacd1f7997b,3,FAILED,pcap/window-000003.pcap,704e5e5b3234433c01fcfd1b20a306e77e985038120492dc53965c3edd38a4ea,24,,,,sha256:b12b3a4a4218968aba2436685a4eb113473e5681de70705409e834e4613a879b,0,0,NO_TRAFFIC,No traffic observed in capture window,2026-09-17 09:13:34.400014+00,2026-09-17 09:13:44.561453+00,,,2026-09-17 09:13:34.401531+00
1210,20,dffdad7e0ffc4f7b9c1cfccaadd40d6c,4,FAILED,pcap/window-000004.pcap,704e5e5b3234433c01fcfd1b20a306e77e985038120492dc53965c3edd38a4ea,24,,,,sha256:b12b3a4a4218968aba2436685a4eb113473e5681de70705409e834e4613a879b,0,0,NO_TRAFFIC,No traffic observed in capture window,2026-09-17 09:13:44.575016+00,2026-09-17 09:13:54.699704+00,,,2026-09-17 09:13:44.576072+00
1211,20,1eb4e2b8a8334747b3871c102bbdfe3b,5,FAILED,pcap/window-000005.pcap,704e5e5b3234433c01fcfd1b20a306e77e985038120492dc53965c3edd38a4ea,24,,,,sha256:b12b3a4a4218968aba2436685a4eb113473e5681de70705409e834e4613a879b,0,0,NO_TRAFFIC,No traffic observed in capture window,2026-09-17 09:13:54.715738+00,2026-09-17 09:14:04.780702+00,,,2026-09-17 09:13:54.717186+00
1212,20,3d27fdfebabc423cbae4b875849cb300,6,FAILED,pcap/window-000006.pcap,704e5e5b3234433c01fcfd1b20a306e77e985038120492dc53965c3edd38a4ea,24,,,,sha256:b12b3a4a4218968aba2436685a4eb113473e5681de70705409e834e4613a879b,0,0,NO_TRAFFIC,No traffic observed in capture window,2026-09-17 09:14:04.796663+00,2026-09-17 09:14:14.870673+00,,,2026-09-17 09:14:04.797976+00
1213,20,300aa588f9dd4e989762359749889cca,7,COMMITTED,pcap/window-000007.pcap,41a2a7c04abe6c68b3532b5239d68c7f28bb871a8567da248843b866d67f3851,184,flows/window-000007/window-000007.pcap_ISCX.csv,ee1c11574b90ff8b0a07567a846f4576a81a6673f1f9bf08a1a48b1af76c6019,1483,sha256:b12b3a4a4218968aba2436685a4eb113473e5681de70705409e834e4613a879b,1,1,,,2026-09-17 09:14:14.883144+00,2026-09-17 09:14:24.913079+00,2026-09-17 09:14:28.076999+00,2026-09-17 09:14:28.188246+00,2026-09-17 09:14:14.885517+00
1214,20,43892072ee5549519cd2e54bda90f2eb,8,COMMITTED,pcap/window-000008.pcap,ea2b41a1bc6932c1dc4510ba50ee9c90762ad4fb29eb31487a24a5e03de01510,1856,flows/window-000008/window-000008.pcap_ISCX.csv,c5699a487549f64deb7f582e07f82833675a45eeb9492504eb2f7e2e8384917b,5146,sha256:b12b3a4a4218968aba2436685a4eb113473e5681de70705409e834e4613a879b,11,11,,,2026-09-17 09:14:28.194788+00,2026-09-17 09:14:38.259929+00,2026-09-17 09:14:40.770864+00,2026-09-17 09:14:41.293288+00,2026-09-17 09:14:28.195192+00
1215,20,eeeedf922a1c4890a75432dcdb4ed835,9,COMMITTED,pcap/window-000009.pcap,1620cdf2e0745b34b91335b1358762cb23d44ede49910deda65b24b232c951da,2294,flows/window-000009/window-000009.pcap_ISCX.csv,78066409e23d8019c52bde5f7a8074843217f85c707eb7a705ef397718a9256e,3025,sha256:b12b3a4a4218968aba2436685a4eb113473e5681de70705409e834e4613a879b,4,4,,,2026-09-17 09:14:41.299456+00,2026-09-17 09:14:51.410643+00,2026-09-17 09:14:53.951027+00,2026-09-17 09:14:54.171957+00,2026-09-17 09:14:41.299887+00
1216,20,24392e47165f4978befa6ac0288d362a,10,COMMITTED,pcap/window-000010.pcap,43a2079cd53b26e0a326dbbdd3c697cc4be4e9b4c2942d6da6a3ab24faade862,1159,flows/window-000010/window-000010.pcap_ISCX.csv,d592f4e2cf028b9f12bd6876e2ff3bf70565da6bd57ac6d8c6737672dcf38d6c,2070,sha256:b12b3a4a4218968aba2436685a4eb113473e5681de70705409e834e4613a879b,2,2,,,2026-09-17 09:14:54.178751+00,2026-09-17 09:15:04.281272+00,2026-09-17 09:15:06.79488+00,2026-09-17 09:15:06.916046+00,2026-09-17 09:14:54.179179+00
1217,20,609b9bf3a0564e839f3b3b6e04353fc5,11,COMMITTED,pcap/window-000011.pcap,c10a72209a17335b6b7e6536de391603e55adf52e41303a80b543a8204ea5540,10355,flows/window-000011/window-000011.pcap_ISCX.csv,ec65cae4678f4aa94d741e02cb48d986e64f49956f9965e137353a098c950234,10004,sha256:b12b3a4a4218968aba2436685a4eb113473e5681de70705409e834e4613a879b,19,19,,,2026-09-17 09:15:06.921748+00,2026-09-17 09:15:16.948184+00,2026-09-17 09:15:19.580575+00,2026-09-17 09:15:20.456315+00,2026-09-17 09:15:06.922159+00
1218,20,549dea1b8c5c4dbdb816de291cf0f057,12,COMMITTED,pcap/window-000012.pcap,1ce1d4d25a00a8083457c05317d4e64fd0f386c2a3792002beb873e246710178,11490,flows/window-000012/window-000012.pcap_ISCX.csv,3a956e7367cdd6a61124ad426188bf96088214c5b96b6cfdb23e5945f26dd147,10997,sha256:b12b3a4a4218968aba2436685a4eb113473e5681de70705409e834e4613a879b,21,21,,,2026-09-17 09:15:20.462457+00,2026-09-17 09:15:30.535801+00,2026-09-17 09:15:33.334248+00,2026-09-17 09:15:34.355921+00,2026-09-17 09:15:20.462916+00
1219,20,586e7665c05d4fe98a5487b5c403635a,13,FAILED,pcap/window-000013.pcap,704e5e5b3234433c01fcfd1b20a306e77e985038120492dc53965c3edd38a4ea,24,,,,sha256:b12b3a4a4218968aba2436685a4eb113473e5681de70705409e834e4613a879b,0,0,NO_TRAFFIC,No traffic observed in capture window,2026-09-17 09:15:34.364218+00,2026-09-17 09:15:44.407701+00,,,2026-09-17 09:15:34.364851+00
1220,20,9614910489464bb18180bec14e6a0cae,14,FAILED,pcap/window-000014.pcap,704e5e5b3234433c01fcfd1b20a306e77e985038120492dc53965c3edd38a4ea,24,,,,sha256:b12b3a4a4218968aba2436685a4eb113473e5681de70705409e834e4613a879b,0,0,NO_TRAFFIC,No traffic observed in capture window,2026-09-17 09:15:44.415047+00,2026-09-17 09:15:54.455344+00,,,2026-09-17 09:15:44.416149+00
1221,20,5a0cb5cca3e0450dad8b9424461765a4,15,FAILED,pcap/window-000015.pcap,704e5e5b3234433c01fcfd1b20a306e77e985038120492dc53965c3edd38a4ea,24,,,,sha256:b12b3a4a4218968aba2436685a4eb113473e5681de70705409e834e4613a879b,0,0,NO_TRAFFIC,No traffic observed in capture window,2026-09-17 09:15:54.46905+00,2026-09-17 09:16:04.601258+00,,,2026-09-17 09:15:54.470825+00
1222,20,5f8d2d7a1f1e4b729b8125ac02f56ef3,16,FAILED,pcap/window-000016.pcap,704e5e5b3234433c01fcfd1b20a306e77e985038120492dc53965c3edd38a4ea,24,,,,sha256:b12b3a4a4218968aba2436685a4eb113473e5681de70705409e834e4613a879b,0,0,NO_TRAFFIC,No traffic observed in capture window,2026-09-17 09:16:04.618574+00,2026-09-17 09:16:14.737189+00,,,2026-09-17 09:16:04.619838+00
1223,20,50ccfffcac3a481aa847cedeb16daf73,17,FAILED,pcap/window-000017.pcap,704e5e5b3234433c01fcfd1b20a306e77e985038120492dc53965c3edd38a4ea,24,,,,sha256:b12b3a4a4218968aba2436685a4eb113473e5681de70705409e834e4613a879b,0,0,NO_TRAFFIC,No traffic observed in capture window,2026-09-17 09:16:14.753316+00,2026-09-17 09:16:24.804161+00,,,2026-09-17 09:16:14.754399+00
1224,20,cfdd04f581834c02aaf7d7a90fdf0ce0,18,FAILED,pcap/window-000018.pcap,704e5e5b3234433c01fcfd1b20a306e77e985038120492dc53965c3edd38a4ea,24,,,,sha256:b12b3a4a4218968aba2436685a4eb113473e5681de70705409e834e4613a879b,0,0,NO_TRAFFIC,No traffic observed in capture window,2026-09-17 09:16:24.816779+00,2026-09-17 09:16:34.898964+00,,,2026-09-17 09:16:24.818795+00
1225,20,e5db71a524ef460ead05286b2f93a04f,19,FAILED,pcap/window-000019.pcap,704e5e5b3234433c01fcfd1b20a306e77e985038120492dc53965c3edd38a4ea,24,,,,sha256:b12b3a4a4218968aba2436685a4eb113473e5681de70705409e834e4613a879b,0,0,NO_TRAFFIC,No traffic observed in capture window,2026-09-17 09:16:34.906901+00,2026-09-17 09:16:44.95851+00,,,2026-09-17 09:16:34.907877+00
1226,20,c74cfc2c93e2477f8e08e555a93c196f,20,FAILED,pcap/window-000020.pcap,704e5e5b3234433c01fcfd1b20a306e77e985038120492dc53965c3edd38a4ea,24,,,,sha256:b12b3a4a4218968aba2436685a4eb113473e5681de70705409e834e4613a879b,0,0,NO_TRAFFIC,No traffic observed in capture window,2026-09-17 09:16:44.972637+00,2026-09-17 09:16:55.052925+00,,,2026-09-17 09:16:44.974169+00
1227,20,597650b0947a4d5cb5bedb9224610d3f,21,FAILED,pcap/window-000021.pcap,704e5e5b3234433c01fcfd1b20a306e77e985038120492dc53965c3edd38a4ea,24,,,,sha256:b12b3a4a4218968aba2436685a4eb113473e5681de70705409e834e4613a879b,0,0,NO_TRAFFIC,No traffic observed in capture window,2026-09-17 09:16:55.063975+00,2026-09-17 09:17:05.135126+00,,,2026-09-17 09:16:55.065181+00
1228,20,c9b0ab90cffb4c6da7167c34571caebc,22,FAILED,pcap/window-000022.pcap,704e5e5b3234433c01fcfd1b20a306e77e985038120492dc53965c3edd38a4ea,24,,,,sha256:b12b3a4a4218968aba2436685a4eb113473e5681de70705409e834e4613a879b,0,0,NO_TRAFFIC,No traffic observed in capture window,2026-09-17 09:17:05.148601+00,2026-09-17 09:17:15.24493+00,,,2026-09-17 09:17:05.150659+00
1229,20,51eec0af6f5145928d4ab090381efac9,23,FAILED,pcap/window-000023.pcap,704e5e5b3234433c01fcfd1b20a306e77e985038120492dc53965c3edd38a4ea,24,,,,sha256:b12b3a4a4218968aba2436685a4eb113473e5681de70705409e834e4613a879b,0,0,NO_TRAFFIC,No traffic observed in capture window,2026-09-17 09:17:15.254354+00,2026-09-17 09:17:25.377344+00,,,2026-09-17 09:17:15.255904+00
1230,20,9b2051e4cb994bd292b3854c6c5687e2,24,FAILED,pcap/window-000024.pcap,704e5e5b3234433c01fcfd1b20a306e77e985038120492dc53965c3edd38a4ea,24,,,,sha256:b12b3a4a4218968aba2436685a4eb113473e5681de70705409e834e4613a879b,0,0,NO_TRAFFIC,No traffic observed in capture window,2026-09-17 09:17:25.395424+00,2026-09-17 09:17:35.513998+00,,,2026-09-17 09:17:25.396995+00
1231,20,5fdad738476c4333af012a1e2954fcb2,25,FAILED,pcap/window-000025.pcap,704e5e5b3234433c01fcfd1b20a306e77e985038120492dc53965c3edd38a4ea,24,,,,sha256:b12b3a4a4218968aba2436685a4eb113473e5681de70705409e834e4613a879b,0,0,NO_TRAFFIC,No traffic observed in capture window,2026-09-17 09:17:35.529083+00,2026-09-17 09:17:45.638977+00,,,2026-09-17 09:17:35.53096+00
1232,20,5c29dac31a7848d28fa2bce5befe5b78,26,FAILED,pcap/window-000026.pcap,704e5e5b3234433c01fcfd1b20a306e77e985038120492dc53965c3edd38a4ea,24,,,,sha256:b12b3a4a4218968aba2436685a4eb113473e5681de70705409e834e4613a879b,0,0,NO_TRAFFIC,No traffic observed in capture window,2026-09-17 09:17:45.655055+00,2026-09-17 09:17:55.779879+00,,,2026-09-17 09:17:45.657138+00
1233,20,ed604d970dcd4a76b274b33c5435510b,27,FAILED,pcap/window-000027.pcap,704e5e5b3234433c01fcfd1b20a306e77e985038120492dc53965c3edd38a4ea,24,,,,sha256:b12b3a4a4218968aba2436685a4eb113473e5681de70705409e834e4613a879b,0,0,NO_TRAFFIC,No traffic observed in capture window,2026-09-17 09:17:55.791598+00,2026-09-17 09:18:05.883775+00,,,2026-09-17 09:17:55.792869+00
1234,20,e9fc43b46a32448e9dc2bd6fa19dac5d,28,FAILED,pcap/window-000028.pcap,704e5e5b3234433c01fcfd1b20a306e77e985038120492dc53965c3edd38a4ea,24,,,,sha256:b12b3a4a4218968aba2436685a4eb113473e5681de70705409e834e4613a879b,0,0,NO_TRAFFIC,No traffic observed in capture window,2026-09-17 09:18:05.898424+00,2026-09-17 09:18:15.935613+00,,,2026-09-17 09:18:05.901187+00
1235,20,1ecf764491bf463d96669194d178bb0f,29,FAILED,pcap/window-000029.pcap,704e5e5b3234433c01fcfd1b20a306e77e985038120492dc53965c3edd38a4ea,24,,,,sha256:b12b3a4a4218968aba2436685a4eb113473e5681de70705409e834e4613a879b,0,0,NO_TRAFFIC,No traffic observed in capture window,2026-09-17 09:18:15.943814+00,2026-09-17 09:18:26.049928+00,,,2026-09-17 09:18:15.945154+00
1236,20,955d44f28a064262ad5f46ebda230a4d,30,FAILED,pcap/window-000030.pcap,704e5e5b3234433c01fcfd1b20a306e77e985038120492dc53965c3edd38a4ea,24,,,,sha256:b12b3a4a4218968aba2436685a4eb113473e5681de70705409e834e4613a879b,0,0,NO_TRAFFIC,No traffic observed in capture window,2026-09-17 09:18:26.058038+00,2026-09-17 09:18:36.170577+00,,,2026-09-17 09:18:26.059463+00
1237,20,5009ca8d2ee542409358cb760110c27b,31,FAILED,pcap/window-000031.pcap,704e5e5b3234433c01fcfd1b20a306e77e985038120492dc53965c3edd38a4ea,24,,,,sha256:b12b3a4a4218968aba2436685a4eb113473e5681de70705409e834e4613a879b,0,0,NO_TRAFFIC,No traffic observed in capture window,2026-09-17 09:18:36.178701+00,2026-09-17 09:18:46.273081+00,,,2026-09-17 09:18:36.179842+00
1238,20,459a84a94ee54075bcdd790a316f966b,32,FAILED,pcap/window-000032.pcap,704e5e5b3234433c01fcfd1b20a306e77e985038120492dc53965c3edd38a4ea,24,,,,sha256:b12b3a4a4218968aba2436685a4eb113473e5681de70705409e834e4613a879b,0,0,NO_TRAFFIC,No traffic observed in capture window,2026-09-17 09:18:46.283505+00,2026-09-17 09:18:56.386508+00,,,2026-09-17 09:18:46.284547+00
1239,20,a7b54eeba78548dbb4c52c485ffd79ec,33,FAILED,pcap/window-000033.pcap,704e5e5b3234433c01fcfd1b20a306e77e985038120492dc53965c3edd38a4ea,24,,,,sha256:b12b3a4a4218968aba2436685a4eb113473e5681de70705409e834e4613a879b,0,0,NO_TRAFFIC,No traffic observed in capture window,2026-09-17 09:18:56.402796+00,2026-09-17 09:19:06.471261+00,,,2026-09-17 09:18:56.405009+00
1240,20,ff0d6c6eb42f4091922a4240bc18cb36,34,FAILED,pcap/window-000034.pcap,704e5e5b3234433c01fcfd1b20a306e77e985038120492dc53965c3edd38a4ea,24,,,,sha256:b12b3a4a4218968aba2436685a4eb113473e5681de70705409e834e4613a879b,0,0,NO_TRAFFIC,No traffic observed in capture window,2026-09-17 09:19:06.490097+00,2026-09-17 09:19:16.615458+00,,,2026-09-17 09:19:06.492289+00
1241,20,c06a7f450411446682219a7feee8b9ff,35,FAILED,pcap/window-000035.pcap,704e5e5b3234433c01fcfd1b20a306e77e985038120492dc53965c3edd38a4ea,24,,,,sha256:b12b3a4a4218968aba2436685a4eb113473e5681de70705409e834e4613a879b,0,0,NO_TRAFFIC,No traffic observed in capture window,2026-09-17 09:19:16.633862+00,2026-09-17 09:19:26.678474+00,,,2026-09-17 09:19:16.635005+00
1242,20,9f57cabb65c9413a9584715a8062d63a,36,FAILED,pcap/window-000036.pcap,704e5e5b3234433c01fcfd1b20a306e77e985038120492dc53965c3edd38a4ea,24,,,,sha256:b12b3a4a4218968aba2436685a4eb113473e5681de70705409e834e4613a879b,0,0,NO_TRAFFIC,No traffic observed in capture window,2026-09-17 09:19:26.694943+00,2026-09-17 09:19:36.752087+00,,,2026-09-17 09:19:26.696755+00
1243,20,c172b7d00a234ef3b525d38256044c8c,37,FAILED,pcap/window-000037.pcap,704e5e5b3234433c01fcfd1b20a306e77e985038120492dc53965c3edd38a4ea,24,,,,sha256:b12b3a4a4218968aba2436685a4eb113473e5681de70705409e834e4613a879b,0,0,NO_TRAFFIC,No traffic observed in capture window,2026-09-17 09:19:36.779644+00,2026-09-17 09:19:46.896293+00,,,2026-09-17 09:19:36.781579+00
1244,20,fd6d5e5a214c4d99ac42430bfe5107a3,38,FAILED,pcap/window-000038.pcap,704e5e5b3234433c01fcfd1b20a306e77e985038120492dc53965c3edd38a4ea,24,,,,sha256:b12b3a4a4218968aba2436685a4eb113473e5681de70705409e834e4613a879b,0,0,NO_TRAFFIC,No traffic observed in capture window,2026-09-17 09:19:46.916321+00,2026-09-17 09:19:56.983326+00,,,2026-09-17 09:19:46.91806+00
1245,20,f28b6bb91c6c49039e6aafae7de1579a,39,FAILED,pcap/window-000039.pcap,704e5e5b3234433c01fcfd1b20a306e77e985038120492dc53965c3edd38a4ea,24,,,,sha256:b12b3a4a4218968aba2436685a4eb113473e5681de70705409e834e4613a879b,0,0,NO_TRAFFIC,No traffic observed in capture window,2026-09-17 09:19:56.998489+00,2026-09-17 09:20:07.110933+00,,,2026-09-17 09:19:57.000611+00
1246,20,80f34649d86447c7a4f2c4e54fa06b20,40,FAILED,pcap/window-000040.pcap,704e5e5b3234433c01fcfd1b20a306e77e985038120492dc53965c3edd38a4ea,24,,,,sha256:b12b3a4a4218968aba2436685a4eb113473e5681de70705409e834e4613a879b,0,0,NO_TRAFFIC,No traffic observed in capture window,2026-09-17 09:20:07.135438+00,2026-09-17 09:20:17.258811+00,,,2026-09-17 09:20:07.137728+00
1247,20,fa04b3608d75431c9faf3b6a630a2a8c,41,FAILED,pcap/window-000041.pcap,704e5e5b3234433c01fcfd1b20a306e77e985038120492dc53965c3edd38a4ea,24,,,,sha256:b12b3a4a4218968aba2436685a4eb113473e5681de70705409e834e4613a879b,0,0,NO_TRAFFIC,No traffic observed in capture window,2026-09-17 09:20:17.278295+00,2026-09-17 09:20:27.382805+00,,,2026-09-17 09:20:17.281754+00
1248,20,938c0b7db2494071bc6638c3d799225b,42,FAILED,pcap/window-000042.pcap,704e5e5b3234433c01fcfd1b20a306e77e985038120492dc53965c3edd38a4ea,24,,,,sha256:b12b3a4a4218968aba2436685a4eb113473e5681de70705409e834e4613a879b,0,0,NO_TRAFFIC,No traffic observed in capture window,2026-09-17 09:20:27.392127+00,2026-09-17 09:20:37.482488+00,,,2026-09-17 09:20:27.393151+00
1249,20,41e940f000aa4ee3a3e82372245d83e7,43,FAILED,pcap/window-000043.pcap,704e5e5b3234433c01fcfd1b20a306e77e985038120492dc53965c3edd38a4ea,24,,,,sha256:b12b3a4a4218968aba2436685a4eb113473e5681de70705409e834e4613a879b,0,0,NO_TRAFFIC,No traffic observed in capture window,2026-09-17 09:20:37.507129+00,2026-09-17 09:20:47.588089+00,,,2026-09-17 09:20:37.509187+00
1250,20,72b4d2c18f384cc6ace5016efdc947ca,44,FAILED,pcap/window-000044.pcap,704e5e5b3234433c01fcfd1b20a306e77e985038120492dc53965c3edd38a4ea,24,,,,sha256:b12b3a4a4218968aba2436685a4eb113473e5681de70705409e834e4613a879b,0,0,NO_TRAFFIC,No traffic observed in capture window,2026-09-17 09:20:47.61063+00,2026-09-17 09:20:57.655955+00,,,2026-09-17 09:20:47.614004+00
1251,20,858dffa1686041a89629553239c85e74,45,FAILED,pcap/window-000045.pcap,704e5e5b3234433c01fcfd1b20a306e77e985038120492dc53965c3edd38a4ea,24,,,,sha256:b12b3a4a4218968aba2436685a4eb113473e5681de70705409e834e4613a879b,0,0,NO_TRAFFIC,No traffic observed in capture window,2026-09-17 09:20:57.673273+00,2026-09-17 09:21:07.781153+00,,,2026-09-17 09:20:57.674476+00
1252,20,ce58f36e818a431c8c73df48d4c2830b,46,FAILED,pcap/window-000046.pcap,704e5e5b3234433c01fcfd1b20a306e77e985038120492dc53965c3edd38a4ea,24,,,,sha256:b12b3a4a4218968aba2436685a4eb113473e5681de70705409e834e4613a879b,0,0,NO_TRAFFIC,No traffic observed in capture window,2026-09-17 09:21:07.797913+00,2026-09-17 09:21:18.014209+00,,,2026-09-17 09:21:07.799531+00
1253,20,25ee64fa0898444f88ffec03a7b06efc,47,FAILED,pcap/window-000047.pcap,704e5e5b3234433c01fcfd1b20a306e77e985038120492dc53965c3edd38a4ea,24,,,,sha256:b12b3a4a4218968aba2436685a4eb113473e5681de70705409e834e4613a879b,0,0,NO_TRAFFIC,No traffic observed in capture window,2026-09-17 09:21:18.065236+00,2026-09-17 09:21:28.170231+00,,,2026-09-17 09:21:18.070733+00
1254,20,77bfdd3e7c344ae1b8b9617fd6655d78,48,FAILED,pcap/window-000048.pcap,704e5e5b3234433c01fcfd1b20a306e77e985038120492dc53965c3edd38a4ea,24,,,,sha256:b12b3a4a4218968aba2436685a4eb113473e5681de70705409e834e4613a879b,0,0,NO_TRAFFIC,No traffic observed in capture window,2026-09-17 09:21:28.183209+00,2026-09-17 09:21:38.271079+00,,,2026-09-17 09:21:28.18521+00
1255,20,5e7f384cd86a44f3a4407ff82947a02e,49,FAILED,pcap/window-000049.pcap,704e5e5b3234433c01fcfd1b20a306e77e985038120492dc53965c3edd38a4ea,24,,,,sha256:b12b3a4a4218968aba2436685a4eb113473e5681de70705409e834e4613a879b,0,0,NO_TRAFFIC,No traffic observed in capture window,2026-09-17 09:21:38.283348+00,2026-09-17 09:21:48.388109+00,,,2026-09-17 09:21:38.28486+00
1256,20,d86627b61369496badf2fcb2cb173efe,50,FAILED,pcap/window-000050.pcap,704e5e5b3234433c01fcfd1b20a306e77e985038120492dc53965c3edd38a4ea,24,,,,sha256:b12b3a4a4218968aba2436685a4eb113473e5681de70705409e834e4613a879b,0,0,NO_TRAFFIC,No traffic observed in capture window,2026-09-17 09:21:48.402002+00,2026-09-17 09:21:58.447005+00,,,2026-09-17 09:21:48.40334+00
1257,20,88758298be604269ac5a9e3e0ed96c02,51,FAILED,pcap/window-000051.pcap,704e5e5b3234433c01fcfd1b20a306e77e985038120492dc53965c3edd38a4ea,24,,,,sha256:b12b3a4a4218968aba2436685a4eb113473e5681de70705409e834e4613a879b,0,0,NO_TRAFFIC,No traffic observed in capture window,2026-09-17 09:21:58.464535+00,2026-09-17 09:22:08.565636+00,,,2026-09-17 09:21:58.469255+00
1258,20,87b1c04632904a7ba7b14e9439e26044,52,FAILED,pcap/window-000052.pcap,704e5e5b3234433c01fcfd1b20a306e77e985038120492dc53965c3edd38a4ea,24,,,,sha256:b12b3a4a4218968aba2436685a4eb113473e5681de70705409e834e4613a879b,0,0,NO_TRAFFIC,No traffic observed in capture window,2026-09-17 09:22:08.576308+00,2026-09-17 09:22:18.703269+00,,,2026-09-17 09:22:08.577816+00
1259,20,64842ca39f4e4695b4112dca14f78ad2,53,FAILED,pcap/window-000053.pcap,704e5e5b3234433c01fcfd1b20a306e77e985038120492dc53965c3edd38a4ea,24,,,,sha256:b12b3a4a4218968aba2436685a4eb113473e5681de70705409e834e4613a879b,0,0,NO_TRAFFIC,No traffic observed in capture window,2026-09-17 09:22:18.722054+00,2026-09-17 09:22:28.782842+00,,,2026-09-17 09:22:18.72386+00
1260,20,9262927596c340a0aaedfba92ce35c58,54,FAILED,pcap/window-000054.pcap,704e5e5b3234433c01fcfd1b20a306e77e985038120492dc53965c3edd38a4ea,24,,,,sha256:b12b3a4a4218968aba2436685a4eb113473e5681de70705409e834e4613a879b,0,0,NO_TRAFFIC,No traffic observed in capture window,2026-09-17 09:22:28.806065+00,2026-09-17 09:22:38.913316+00,,,2026-09-17 09:22:28.808321+00
1261,20,d47a7da6881647e98ac51118b3669b81,55,FAILED,pcap/window-000055.pcap,704e5e5b3234433c01fcfd1b20a306e77e985038120492dc53965c3edd38a4ea,24,,,,sha256:b12b3a4a4218968aba2436685a4eb113473e5681de70705409e834e4613a879b,0,0,NO_TRAFFIC,No traffic observed in capture window,2026-09-17 09:22:38.926792+00,2026-09-17 09:22:49.101964+00,,,2026-09-17 09:22:38.927903+00
1262,20,320fe43b15d24f3f94b7028411f11089,56,FAILED,pcap/window-000056.pcap,704e5e5b3234433c01fcfd1b20a306e77e985038120492dc53965c3edd38a4ea,24,,,,sha256:b12b3a4a4218968aba2436685a4eb113473e5681de70705409e834e4613a879b,0,0,NO_TRAFFIC,No traffic observed in capture window,2026-09-17 09:22:49.125441+00,2026-09-17 09:22:58.33062+00,,,2026-09-17 09:22:49.126455+00
1263,21,9e2ee8f60a244fb0a3e42a4c9fe83823,1,FAILED,pcap/window-000001.pcap,704e5e5b3234433c01fcfd1b20a306e77e985038120492dc53965c3edd38a4ea,24,,,,sha256:b12b3a4a4218968aba2436685a4eb113473e5681de70705409e834e4613a879b,0,0,NO_TRAFFIC,No traffic observed in capture window,2026-09-17 09:23:27.550049+00,2026-09-17 09:23:37.64514+00,,,2026-09-17 09:23:27.550879+00
1264,21,2e728ac7e4b340a3b3a2a0a6d616db3a,2,FAILED,pcap/window-000002.pcap,704e5e5b3234433c01fcfd1b20a306e77e985038120492dc53965c3edd38a4ea,24,,,,sha256:b12b3a4a4218968aba2436685a4eb113473e5681de70705409e834e4613a879b,0,0,NO_TRAFFIC,No traffic observed in capture window,2026-09-17 09:23:37.660643+00,2026-09-17 09:23:47.724744+00,,,2026-09-17 09:23:37.661658+00
1265,21,508b951243044b5d9b40d97bf3be1162,3,FAILED,pcap/window-000003.pcap,704e5e5b3234433c01fcfd1b20a306e77e985038120492dc53965c3edd38a4ea,24,,,,sha256:b12b3a4a4218968aba2436685a4eb113473e5681de70705409e834e4613a879b,0,0,NO_TRAFFIC,No traffic observed in capture window,2026-09-17 09:23:47.749508+00,2026-09-17 09:23:57.802018+00,,,2026-09-17 09:23:47.751597+00
1266,21,7c3f9f4d6c2640f590b4be368e6e71f2,4,FAILED,pcap/window-000004.pcap,704e5e5b3234433c01fcfd1b20a306e77e985038120492dc53965c3edd38a4ea,24,,,,sha256:b12b3a4a4218968aba2436685a4eb113473e5681de70705409e834e4613a879b,0,0,NO_TRAFFIC,No traffic observed in capture window,2026-09-17 09:23:57.813128+00,2026-09-17 09:24:07.923167+00,,,2026-09-17 09:23:57.814214+00
1267,21,2cfec490a06749fab63fa6b04a7fc2f5,5,FAILED,pcap/window-000005.pcap,704e5e5b3234433c01fcfd1b20a306e77e985038120492dc53965c3edd38a4ea,24,,,,sha256:b12b3a4a4218968aba2436685a4eb113473e5681de70705409e834e4613a879b,0,0,NO_TRAFFIC,No traffic observed in capture window,2026-09-17 09:24:07.935293+00,2026-09-17 09:24:18.018603+00,,,2026-09-17 09:24:07.937338+00
1268,21,02b77cfcd511433db1041fa2be84d644,6,FAILED,pcap/window-000006.pcap,704e5e5b3234433c01fcfd1b20a306e77e985038120492dc53965c3edd38a4ea,24,,,,sha256:b12b3a4a4218968aba2436685a4eb113473e5681de70705409e834e4613a879b,0,0,NO_TRAFFIC,No traffic observed in capture window,2026-09-17 09:24:18.037249+00,2026-09-17 09:24:28.141464+00,,,2026-09-17 09:24:18.038837+00
1269,21,542ee65311264b43a7faaebeb591cc7a,7,FAILED,pcap/window-000007.pcap,704e5e5b3234433c01fcfd1b20a306e77e985038120492dc53965c3edd38a4ea,24,,,,sha256:b12b3a4a4218968aba2436685a4eb113473e5681de70705409e834e4613a879b,0,0,NO_TRAFFIC,No traffic observed in capture window,2026-09-17 09:24:28.154294+00,2026-09-17 09:24:38.199137+00,,,2026-09-17 09:24:28.155892+00
1270,21,21e29986943b4acc86a975743afc3ce8,8,FAILED,pcap/window-000008.pcap,704e5e5b3234433c01fcfd1b20a306e77e985038120492dc53965c3edd38a4ea,24,,,,sha256:b12b3a4a4218968aba2436685a4eb113473e5681de70705409e834e4613a879b,0,0,NO_TRAFFIC,No traffic observed in capture window,2026-09-17 09:24:38.211136+00,2026-09-17 09:24:48.337588+00,,,2026-09-17 09:24:38.21278+00
1271,21,67aaeedd0faa490f819c6cc7f392eed8,9,FAILED,pcap/window-000009.pcap,704e5e5b3234433c01fcfd1b20a306e77e985038120492dc53965c3edd38a4ea,24,,,,sha256:b12b3a4a4218968aba2436685a4eb113473e5681de70705409e834e4613a879b,0,0,NO_TRAFFIC,No traffic observed in capture window,2026-09-17 09:24:48.35291+00,2026-09-17 09:24:58.488614+00,,,2026-09-17 09:24:48.35415+00
1272,21,fc300f22c88e4da5aa8acca9850acb14,10,FAILED,pcap/window-000010.pcap,704e5e5b3234433c01fcfd1b20a306e77e985038120492dc53965c3edd38a4ea,24,,,,sha256:b12b3a4a4218968aba2436685a4eb113473e5681de70705409e834e4613a879b,0,0,NO_TRAFFIC,No traffic observed in capture window,2026-09-17 09:24:58.503558+00,2026-09-17 09:25:08.599716+00,,,2026-09-17 09:24:58.504877+00
1273,21,524bff0cfb4b44ccb7ea45098849bcc6,11,FAILED,pcap/window-000011.pcap,704e5e5b3234433c01fcfd1b20a306e77e985038120492dc53965c3edd38a4ea,24,,,,sha256:b12b3a4a4218968aba2436685a4eb113473e5681de70705409e834e4613a879b,0,0,NO_TRAFFIC,No traffic observed in capture window,2026-09-17 09:25:08.62495+00,2026-09-17 09:25:18.769503+00,,,2026-09-17 09:25:08.626745+00
1274,21,b051778e394b448888499be383285b85,12,FAILED,pcap/window-000012.pcap,704e5e5b3234433c01fcfd1b20a306e77e985038120492dc53965c3edd38a4ea,24,,,,sha256:b12b3a4a4218968aba2436685a4eb113473e5681de70705409e834e4613a879b,0,0,NO_TRAFFIC,No traffic observed in capture window,2026-09-17 09:25:18.789648+00,2026-09-17 09:25:28.879725+00,,,2026-09-17 09:25:18.791164+00
1275,21,df3dc0e6fd054a7ab1b41f6cd521b406,13,FAILED,pcap/window-000013.pcap,704e5e5b3234433c01fcfd1b20a306e77e985038120492dc53965c3edd38a4ea,24,,,,sha256:b12b3a4a4218968aba2436685a4eb113473e5681de70705409e834e4613a879b,0,0,NO_TRAFFIC,No traffic observed in capture window,2026-09-17 09:25:28.90849+00,2026-09-17 09:25:39.008676+00,,,2026-09-17 09:25:28.910101+00
1276,21,bb855ac4bc2f40dda865f5923111edef,14,FAILED,pcap/window-000014.pcap,704e5e5b3234433c01fcfd1b20a306e77e985038120492dc53965c3edd38a4ea,24,,,,sha256:b12b3a4a4218968aba2436685a4eb113473e5681de70705409e834e4613a879b,0,0,NO_TRAFFIC,No traffic observed in capture window,2026-09-17 09:25:39.024318+00,2026-09-17 09:25:49.076037+00,,,2026-09-17 09:25:39.025212+00
1277,21,5f5e62a0c2a94e81ace5b7af05399c37,15,FAILED,pcap/window-000015.pcap,704e5e5b3234433c01fcfd1b20a306e77e985038120492dc53965c3edd38a4ea,24,,,,sha256:b12b3a4a4218968aba2436685a4eb113473e5681de70705409e834e4613a879b,0,0,NO_TRAFFIC,No traffic observed in capture window,2026-09-17 09:25:49.092252+00,2026-09-17 09:25:59.22994+00,,,2026-09-17 09:25:49.094015+00
1278,21,9ffade4693354d869417cd9db5e4e332,16,FAILED,pcap/window-000016.pcap,704e5e5b3234433c01fcfd1b20a306e77e985038120492dc53965c3edd38a4ea,24,,,,sha256:b12b3a4a4218968aba2436685a4eb113473e5681de70705409e834e4613a879b,0,0,NO_TRAFFIC,No traffic observed in capture window,2026-09-17 09:25:59.246797+00,2026-09-17 09:26:09.338679+00,,,2026-09-17 09:25:59.248166+00
1279,21,aa28fc00ee9445c19bdc34a72491832a,17,FAILED,pcap/window-000017.pcap,704e5e5b3234433c01fcfd1b20a306e77e985038120492dc53965c3edd38a4ea,24,,,,sha256:b12b3a4a4218968aba2436685a4eb113473e5681de70705409e834e4613a879b,0,0,NO_TRAFFIC,No traffic observed in capture window,2026-09-17 09:26:09.347224+00,2026-09-17 09:26:19.393402+00,,,2026-09-17 09:26:09.348275+00
1280,21,e09235c6741d49c3800fa6a1e0caf9a8,18,FAILED,pcap/window-000018.pcap,704e5e5b3234433c01fcfd1b20a306e77e985038120492dc53965c3edd38a4ea,24,,,,sha256:b12b3a4a4218968aba2436685a4eb113473e5681de70705409e834e4613a879b,0,0,NO_TRAFFIC,No traffic observed in capture window,2026-09-17 09:26:19.409711+00,2026-09-17 09:26:29.486026+00,,,2026-09-17 09:26:19.41117+00
1281,21,98cb0a6a6d684df9a1b36d94302bbb31,19,FAILED,pcap/window-000019.pcap,704e5e5b3234433c01fcfd1b20a306e77e985038120492dc53965c3edd38a4ea,24,,,,sha256:b12b3a4a4218968aba2436685a4eb113473e5681de70705409e834e4613a879b,0,0,NO_TRAFFIC,No traffic observed in capture window,2026-09-17 09:26:29.4965+00,2026-09-17 09:26:39.618643+00,,,2026-09-17 09:26:29.497267+00
1282,21,891a1e7ee556470cb65e098283a017c9,20,FAILED,pcap/window-000020.pcap,704e5e5b3234433c01fcfd1b20a306e77e985038120492dc53965c3edd38a4ea,24,,,,sha256:b12b3a4a4218968aba2436685a4eb113473e5681de70705409e834e4613a879b,0,0,NO_TRAFFIC,No traffic observed in capture window,2026-09-17 09:26:39.62791+00,2026-09-17 09:26:49.75674+00,,,2026-09-17 09:26:39.628934+00
1283,21,09844799040e4e90b197c95a1ef03d58,21,FAILED,pcap/window-000021.pcap,704e5e5b3234433c01fcfd1b20a306e77e985038120492dc53965c3edd38a4ea,24,,,,sha256:b12b3a4a4218968aba2436685a4eb113473e5681de70705409e834e4613a879b,0,0,NO_TRAFFIC,No traffic observed in capture window,2026-09-17 09:26:49.772083+00,2026-09-17 09:26:59.837561+00,,,2026-09-17 09:26:49.773832+00
1284,21,297e2aeaacd048e5a61a7a08e5d1d06d,22,FAILED,pcap/window-000022.pcap,704e5e5b3234433c01fcfd1b20a306e77e985038120492dc53965c3edd38a4ea,24,,,,sha256:b12b3a4a4218968aba2436685a4eb113473e5681de70705409e834e4613a879b,0,0,NO_TRAFFIC,No traffic observed in capture window,2026-09-17 09:26:59.848045+00,2026-09-17 09:27:09.934771+00,,,2026-09-17 09:26:59.849729+00
1285,21,35d4b1e369dc4bfb89fe3a85b90180ba,23,FAILED,pcap/window-000023.pcap,704e5e5b3234433c01fcfd1b20a306e77e985038120492dc53965c3edd38a4ea,24,,,,sha256:b12b3a4a4218968aba2436685a4eb113473e5681de70705409e834e4613a879b,0,0,NO_TRAFFIC,No traffic observed in capture window,2026-09-17 09:27:09.951817+00,2026-09-17 09:27:20.108718+00,,,2026-09-17 09:27:09.95325+00
1286,21,ccf678fe29294c1491d93cb9545afdba,24,FAILED,pcap/window-000024.pcap,704e5e5b3234433c01fcfd1b20a306e77e985038120492dc53965c3edd38a4ea,24,,,,sha256:b12b3a4a4218968aba2436685a4eb113473e5681de70705409e834e4613a879b,0,0,NO_TRAFFIC,No traffic observed in capture window,2026-09-17 09:27:20.128817+00,2026-09-17 09:27:30.178727+00,,,2026-09-17 09:27:20.130298+00
1287,21,825ec16acdc547a38e37a25b07c59249,25,FAILED,pcap/window-000025.pcap,704e5e5b3234433c01fcfd1b20a306e77e985038120492dc53965c3edd38a4ea,24,,,,sha256:b12b3a4a4218968aba2436685a4eb113473e5681de70705409e834e4613a879b,0,0,NO_TRAFFIC,No traffic observed in capture window,2026-09-17 09:27:30.18828+00,2026-09-17 09:27:40.254116+00,,,2026-09-17 09:27:30.189225+00
1288,21,450959db01064cc2ba9b8ac4e920d2d3,26,FAILED,pcap/window-000026.pcap,704e5e5b3234433c01fcfd1b20a306e77e985038120492dc53965c3edd38a4ea,24,,,,sha256:b12b3a4a4218968aba2436685a4eb113473e5681de70705409e834e4613a879b,0,0,NO_TRAFFIC,No traffic observed in capture window,2026-09-17 09:27:40.263718+00,2026-09-17 09:27:50.320965+00,,,2026-09-17 09:27:40.265304+00
1289,21,44d134231a6a432cbdadc62f08f12edc,27,FAILED,pcap/window-000027.pcap,704e5e5b3234433c01fcfd1b20a306e77e985038120492dc53965c3edd38a4ea,24,,,,sha256:b12b3a4a4218968aba2436685a4eb113473e5681de70705409e834e4613a879b,0,0,NO_TRAFFIC,No traffic observed in capture window,2026-09-17 09:27:50.338448+00,2026-09-17 09:28:00.375241+00,,,2026-09-17 09:27:50.339908+00
1290,21,10c1499ab6aa411ba86bba4affad107b,28,FAILED,pcap/window-000028.pcap,704e5e5b3234433c01fcfd1b20a306e77e985038120492dc53965c3edd38a4ea,24,,,,sha256:b12b3a4a4218968aba2436685a4eb113473e5681de70705409e834e4613a879b,0,0,NO_TRAFFIC,No traffic observed in capture window,2026-09-17 09:28:00.387036+00,2026-09-17 09:28:10.474886+00,,,2026-09-17 09:28:00.388297+00
1291,21,bc46a5bc1df34d8389df89205d29f8f6,29,FAILED,pcap/window-000029.pcap,704e5e5b3234433c01fcfd1b20a306e77e985038120492dc53965c3edd38a4ea,24,,,,sha256:b12b3a4a4218968aba2436685a4eb113473e5681de70705409e834e4613a879b,0,0,NO_TRAFFIC,No traffic observed in capture window,2026-09-17 09:28:10.494797+00,2026-09-17 09:28:20.583495+00,,,2026-09-17 09:28:10.49612+00
1292,21,71289865c7134000a9d50bae1f496f19,30,FAILED,pcap/window-000030.pcap,704e5e5b3234433c01fcfd1b20a306e77e985038120492dc53965c3edd38a4ea,24,,,,sha256:b12b3a4a4218968aba2436685a4eb113473e5681de70705409e834e4613a879b,0,0,NO_TRAFFIC,No traffic observed in capture window,2026-09-17 09:28:20.595905+00,2026-09-17 09:28:30.728162+00,,,2026-09-17 09:28:20.597685+00
1293,21,8294d12fa2944f0ea20ffd8ce4d5f594,31,FAILED,pcap/window-000031.pcap,704e5e5b3234433c01fcfd1b20a306e77e985038120492dc53965c3edd38a4ea,24,,,,sha256:b12b3a4a4218968aba2436685a4eb113473e5681de70705409e834e4613a879b,0,0,NO_TRAFFIC,No traffic observed in capture window,2026-09-17 09:28:30.742296+00,2026-09-17 09:28:40.828272+00,,,2026-09-17 09:28:30.745156+00
1294,21,7acb50b1761d4167801c5754ac420960,32,FAILED,pcap/window-000032.pcap,704e5e5b3234433c01fcfd1b20a306e77e985038120492dc53965c3edd38a4ea,24,,,,sha256:b12b3a4a4218968aba2436685a4eb113473e5681de70705409e834e4613a879b,0,0,NO_TRAFFIC,No traffic observed in capture window,2026-09-17 09:28:40.845921+00,2026-09-17 09:28:50.986323+00,,,2026-09-17 09:28:40.847799+00
1295,21,8c4d9ee746bd4a6ba975e458b432abf4,33,FAILED,pcap/window-000033.pcap,704e5e5b3234433c01fcfd1b20a306e77e985038120492dc53965c3edd38a4ea,24,,,,sha256:b12b3a4a4218968aba2436685a4eb113473e5681de70705409e834e4613a879b,0,0,NO_TRAFFIC,No traffic observed in capture window,2026-09-17 09:28:51.002474+00,2026-09-17 09:29:01.094767+00,,,2026-09-17 09:28:51.003658+00
1296,21,420736fe92b54c80a26cf128cbe89d48,34,FAILED,pcap/window-000034.pcap,704e5e5b3234433c01fcfd1b20a306e77e985038120492dc53965c3edd38a4ea,24,,,,sha256:b12b3a4a4218968aba2436685a4eb113473e5681de70705409e834e4613a879b,0,0,NO_TRAFFIC,No traffic observed in capture window,2026-09-17 09:29:01.111604+00,2026-09-17 09:29:11.169623+00,,,2026-09-17 09:29:01.113504+00
1297,21,d60d7b8e4d254e7995fd6c49e08653d7,35,FAILED,pcap/window-000035.pcap,704e5e5b3234433c01fcfd1b20a306e77e985038120492dc53965c3edd38a4ea,24,,,,sha256:b12b3a4a4218968aba2436685a4eb113473e5681de70705409e834e4613a879b,0,0,NO_TRAFFIC,No traffic observed in capture window,2026-09-17 09:29:11.178682+00,2026-09-17 09:29:21.240122+00,,,2026-09-17 09:29:11.180239+00
1298,21,102eccbc3f484c8c951be4af2b492684,36,FAILED,pcap/window-000036.pcap,704e5e5b3234433c01fcfd1b20a306e77e985038120492dc53965c3edd38a4ea,24,,,,sha256:b12b3a4a4218968aba2436685a4eb113473e5681de70705409e834e4613a879b,0,0,NO_TRAFFIC,No traffic observed in capture window,2026-09-17 09:29:21.253072+00,2026-09-17 09:29:31.297847+00,,,2026-09-17 09:29:21.254483+00
1299,21,f97b2063f140457882d322688cc6af5c,37,FAILED,pcap/window-000037.pcap,704e5e5b3234433c01fcfd1b20a306e77e985038120492dc53965c3edd38a4ea,24,,,,sha256:b12b3a4a4218968aba2436685a4eb113473e5681de70705409e834e4613a879b,0,0,NO_TRAFFIC,No traffic observed in capture window,2026-09-17 09:29:31.307111+00,2026-09-17 09:29:41.45375+00,,,2026-09-17 09:29:31.30807+00
1300,21,892c68207e0e419d9372b3cd38cca12f,38,FAILED,pcap/window-000038.pcap,704e5e5b3234433c01fcfd1b20a306e77e985038120492dc53965c3edd38a4ea,24,,,,sha256:b12b3a4a4218968aba2436685a4eb113473e5681de70705409e834e4613a879b,0,0,NO_TRAFFIC,No traffic observed in capture window,2026-09-17 09:29:41.494111+00,2026-09-17 09:29:51.613353+00,,,2026-09-17 09:29:41.497328+00
1301,21,452f669965f9401bb6f0295d3b9737e8,39,FAILED,pcap/window-000039.pcap,704e5e5b3234433c01fcfd1b20a306e77e985038120492dc53965c3edd38a4ea,24,,,,sha256:b12b3a4a4218968aba2436685a4eb113473e5681de70705409e834e4613a879b,0,0,NO_TRAFFIC,No traffic observed in capture window,2026-09-17 09:29:51.640682+00,2026-09-17 09:30:01.719676+00,,,2026-09-17 09:29:51.642243+00
1302,21,8ed11b8982c64795834b82603266ce15,40,FAILED,pcap/window-000040.pcap,704e5e5b3234433c01fcfd1b20a306e77e985038120492dc53965c3edd38a4ea,24,,,,sha256:b12b3a4a4218968aba2436685a4eb113473e5681de70705409e834e4613a879b,0,0,NO_TRAFFIC,No traffic observed in capture window,2026-09-17 09:30:01.73824+00,2026-09-17 09:30:11.792202+00,,,2026-09-17 09:30:01.740273+00
1303,21,61109553ef4542c99bb36494b947c0b5,41,FAILED,pcap/window-000041.pcap,704e5e5b3234433c01fcfd1b20a306e77e985038120492dc53965c3edd38a4ea,24,,,,sha256:b12b3a4a4218968aba2436685a4eb113473e5681de70705409e834e4613a879b,0,0,NO_TRAFFIC,No traffic observed in capture window,2026-09-17 09:30:11.809004+00,2026-09-17 09:30:21.909207+00,,,2026-09-17 09:30:11.809947+00
1304,21,0370e1bc97f44fd6bbb2d69a9e411343,42,FAILED,pcap/window-000042.pcap,704e5e5b3234433c01fcfd1b20a306e77e985038120492dc53965c3edd38a4ea,24,,,,sha256:b12b3a4a4218968aba2436685a4eb113473e5681de70705409e834e4613a879b,0,0,NO_TRAFFIC,No traffic observed in capture window,2026-09-17 09:30:21.916898+00,2026-09-17 09:30:32.06474+00,,,2026-09-17 09:30:21.917747+00
1305,21,5594a990f28d46d2b2c774f5b4b4a488,43,FAILED,pcap/window-000043.pcap,704e5e5b3234433c01fcfd1b20a306e77e985038120492dc53965c3edd38a4ea,24,,,,sha256:b12b3a4a4218968aba2436685a4eb113473e5681de70705409e834e4613a879b,0,0,NO_TRAFFIC,No traffic observed in capture window,2026-09-17 09:30:32.084959+00,2026-09-17 09:30:42.125154+00,,,2026-09-17 09:30:32.086338+00
1306,21,f31051a4bd474deaa7eccb1d9f71eb96,44,FAILED,pcap/window-000044.pcap,704e5e5b3234433c01fcfd1b20a306e77e985038120492dc53965c3edd38a4ea,24,,,,sha256:b12b3a4a4218968aba2436685a4eb113473e5681de70705409e834e4613a879b,0,0,NO_TRAFFIC,No traffic observed in capture window,2026-09-17 09:30:42.136948+00,2026-09-17 09:30:52.283279+00,,,2026-09-17 09:30:42.13847+00
1307,21,64eef604845f4c218cb49c9b3d397e1a,45,FAILED,pcap/window-000045.pcap,704e5e5b3234433c01fcfd1b20a306e77e985038120492dc53965c3edd38a4ea,24,,,,sha256:b12b3a4a4218968aba2436685a4eb113473e5681de70705409e834e4613a879b,0,0,NO_TRAFFIC,No traffic observed in capture window,2026-09-17 09:30:52.302676+00,2026-09-17 09:31:02.367059+00,,,2026-09-17 09:30:52.304619+00
1308,21,817f75a6f303452b84829028c2fb4d83,46,FAILED,pcap/window-000046.pcap,704e5e5b3234433c01fcfd1b20a306e77e985038120492dc53965c3edd38a4ea,24,,,,sha256:b12b3a4a4218968aba2436685a4eb113473e5681de70705409e834e4613a879b,0,0,NO_TRAFFIC,No traffic observed in capture window,2026-09-17 09:31:02.377222+00,2026-09-17 09:31:12.549587+00,,,2026-09-17 09:31:02.378118+00
1309,21,7f1c90342c3243a294db40b3de47595d,47,FAILED,pcap/window-000047.pcap,704e5e5b3234433c01fcfd1b20a306e77e985038120492dc53965c3edd38a4ea,24,,,,sha256:b12b3a4a4218968aba2436685a4eb113473e5681de70705409e834e4613a879b,0,0,NO_TRAFFIC,No traffic observed in capture window,2026-09-17 09:31:12.573522+00,2026-09-17 09:31:22.729403+00,,,2026-09-17 09:31:12.574651+00
1310,21,14f3acb467534f1d9be6c7d322ffa3ae,48,FAILED,pcap/window-000048.pcap,704e5e5b3234433c01fcfd1b20a306e77e985038120492dc53965c3edd38a4ea,24,,,,sha256:b12b3a4a4218968aba2436685a4eb113473e5681de70705409e834e4613a879b,0,0,NO_TRAFFIC,No traffic observed in capture window,2026-09-17 09:31:22.758596+00,2026-09-17 09:31:32.865738+00,,,2026-09-17 09:31:22.759928+00
1311,21,e84c77cf32a746dd8d18b2ee2e8d1531,49,FAILED,pcap/window-000049.pcap,704e5e5b3234433c01fcfd1b20a306e77e985038120492dc53965c3edd38a4ea,24,,,,sha256:b12b3a4a4218968aba2436685a4eb113473e5681de70705409e834e4613a879b,0,0,NO_TRAFFIC,No traffic observed in capture window,2026-09-17 09:31:32.88044+00,2026-09-17 09:31:42.944668+00,,,2026-09-17 09:31:32.882004+00
1312,21,2b94076e720e4b6fabf49e22fbed002c,50,FAILED,pcap/window-000050.pcap,704e5e5b3234433c01fcfd1b20a306e77e985038120492dc53965c3edd38a4ea,24,,,,sha256:b12b3a4a4218968aba2436685a4eb113473e5681de70705409e834e4613a879b,0,0,NO_TRAFFIC,No traffic observed in capture window,2026-09-17 09:31:42.961722+00,2026-09-17 09:31:53.090873+00,,,2026-09-17 09:31:42.962938+00
1313,21,be4ebdf23d074578af78020e9fc9bee9,51,FAILED,pcap/window-000051.pcap,704e5e5b3234433c01fcfd1b20a306e77e985038120492dc53965c3edd38a4ea,24,,,,sha256:b12b3a4a4218968aba2436685a4eb113473e5681de70705409e834e4613a879b,0,0,NO_TRAFFIC,No traffic observed in capture window,2026-09-17 09:31:53.106669+00,2026-09-17 09:32:03.235278+00,,,2026-09-17 09:31:53.107956+00
1314,21,3ba5426ebe1546e88e6ee9e8863ed139,52,FAILED,pcap/window-000052.pcap,704e5e5b3234433c01fcfd1b20a306e77e985038120492dc53965c3edd38a4ea,24,,,,sha256:b12b3a4a4218968aba2436685a4eb113473e5681de70705409e834e4613a879b,0,0,NO_TRAFFIC,No traffic observed in capture window,2026-09-17 09:32:03.244633+00,2026-09-17 09:32:13.330101+00,,,2026-09-17 09:32:03.245439+00
1315,21,43e0cd47f9c64c5e826d271415667bb7,53,FAILED,pcap/window-000053.pcap,704e5e5b3234433c01fcfd1b20a306e77e985038120492dc53965c3edd38a4ea,24,,,,sha256:b12b3a4a4218968aba2436685a4eb113473e5681de70705409e834e4613a879b,0,0,NO_TRAFFIC,No traffic observed in capture window,2026-09-17 09:32:13.348625+00,2026-09-17 09:32:23.439463+00,,,2026-09-17 09:32:13.349902+00
1316,21,da2d2b01b85a49498879f452b2ab3863,54,FAILED,pcap/window-000054.pcap,704e5e5b3234433c01fcfd1b20a306e77e985038120492dc53965c3edd38a4ea,24,,,,sha256:b12b3a4a4218968aba2436685a4eb113473e5681de70705409e834e4613a879b,0,0,NO_TRAFFIC,No traffic observed in capture window,2026-09-17 09:32:23.449629+00,2026-09-17 09:32:33.533436+00,,,2026-09-17 09:32:23.450626+00
1317,21,9b1b70da91c14cd09a1142d037e07090,55,FAILED,pcap/window-000055.pcap,704e5e5b3234433c01fcfd1b20a306e77e985038120492dc53965c3edd38a4ea,24,,,,sha256:b12b3a4a4218968aba2436685a4eb113473e5681de70705409e834e4613a879b,0,0,NO_TRAFFIC,No traffic observed in capture window,2026-09-17 09:32:33.55016+00,2026-09-17 09:32:43.606581+00,,,2026-09-17 09:32:33.551716+00
1318,21,1cfeba5ee9d4494ea5a5e0562488534a,56,FAILED,pcap/window-000056.pcap,704e5e5b3234433c01fcfd1b20a306e77e985038120492dc53965c3edd38a4ea,24,,,,sha256:b12b3a4a4218968aba2436685a4eb113473e5681de70705409e834e4613a879b,0,0,NO_TRAFFIC,No traffic observed in capture window,2026-09-17 09:32:43.617184+00,2026-09-17 09:32:53.683142+00,,,2026-09-17 09:32:43.61867+00
1319,21,9c47701249e84d739a6c243608a0e81a,57,FAILED,pcap/window-000057.pcap,704e5e5b3234433c01fcfd1b20a306e77e985038120492dc53965c3edd38a4ea,24,,,,sha256:b12b3a4a4218968aba2436685a4eb113473e5681de70705409e834e4613a879b,0,0,NO_TRAFFIC,No traffic observed in capture window,2026-09-17 09:32:53.696644+00,2026-09-17 09:33:03.751578+00,,,2026-09-17 09:32:53.698073+00
1320,21,23d2ebb230b541e38bcfe9a9ac8af9e7,58,FAILED,pcap/window-000058.pcap,704e5e5b3234433c01fcfd1b20a306e77e985038120492dc53965c3edd38a4ea,24,,,,sha256:b12b3a4a4218968aba2436685a4eb113473e5681de70705409e834e4613a879b,0,0,NO_TRAFFIC,No traffic observed in capture window,2026-09-17 09:33:03.767603+00,2026-09-17 09:33:13.977563+00,,,2026-09-17 09:33:03.769011+00
1321,21,d689773bbd794e21b6441f193d747903,59,FAILED,pcap/window-000059.pcap,704e5e5b3234433c01fcfd1b20a306e77e985038120492dc53965c3edd38a4ea,24,,,,sha256:b12b3a4a4218968aba2436685a4eb113473e5681de70705409e834e4613a879b,0,0,NO_TRAFFIC,No traffic observed in capture window,2026-09-17 09:33:14.049865+00,2026-09-17 09:33:24.121701+00,,,2026-09-17 09:33:14.05979+00
1322,21,2e7dc8be261744c9b4c76d5a524354c8,60,FAILED,pcap/window-000060.pcap,704e5e5b3234433c01fcfd1b20a306e77e985038120492dc53965c3edd38a4ea,24,,,,sha256:b12b3a4a4218968aba2436685a4eb113473e5681de70705409e834e4613a879b,0,0,NO_TRAFFIC,No traffic observed in capture window,2026-09-17 09:33:24.141346+00,2026-09-17 09:33:34.257312+00,,,2026-09-17 09:33:24.14342+00
1323,21,69308abf2a644194accad1a2a51c38c9,61,FAILED,pcap/window-000061.pcap,704e5e5b3234433c01fcfd1b20a306e77e985038120492dc53965c3edd38a4ea,24,,,,sha256:b12b3a4a4218968aba2436685a4eb113473e5681de70705409e834e4613a879b,0,0,NO_TRAFFIC,No traffic observed in capture window,2026-09-17 09:33:34.272305+00,2026-09-17 09:33:44.308617+00,,,2026-09-17 09:33:34.273811+00
1324,21,9ab626250ddd4efaab04d157e84162c7,62,FAILED,pcap/window-000062.pcap,704e5e5b3234433c01fcfd1b20a306e77e985038120492dc53965c3edd38a4ea,24,,,,sha256:b12b3a4a4218968aba2436685a4eb113473e5681de70705409e834e4613a879b,0,0,NO_TRAFFIC,No traffic observed in capture window,2026-09-17 09:33:44.321862+00,2026-09-17 09:33:54.385241+00,,,2026-09-17 09:33:44.323646+00
1325,21,14579c99ae174acbb99996fabd64f5b7,63,FAILED,pcap/window-000063.pcap,704e5e5b3234433c01fcfd1b20a306e77e985038120492dc53965c3edd38a4ea,24,,,,sha256:b12b3a4a4218968aba2436685a4eb113473e5681de70705409e834e4613a879b,0,0,NO_TRAFFIC,No traffic observed in capture window,2026-09-17 09:33:54.401147+00,2026-09-17 09:34:04.532746+00,,,2026-09-17 09:33:54.40265+00
1326,21,31721611904743bdab0d7f076f0260ad,64,FAILED,pcap/window-000064.pcap,704e5e5b3234433c01fcfd1b20a306e77e985038120492dc53965c3edd38a4ea,24,,,,sha256:b12b3a4a4218968aba2436685a4eb113473e5681de70705409e834e4613a879b,0,0,NO_TRAFFIC,No traffic observed in capture window,2026-09-17 09:34:04.546875+00,2026-09-17 09:34:14.690857+00,,,2026-09-17 09:34:04.547944+00
1327,21,449aa4decf7140fab8434a52b18e353c,65,FAILED,pcap/window-000065.pcap,704e5e5b3234433c01fcfd1b20a306e77e985038120492dc53965c3edd38a4ea,24,,,,sha256:b12b3a4a4218968aba2436685a4eb113473e5681de70705409e834e4613a879b,0,0,NO_TRAFFIC,No traffic observed in capture window,2026-09-17 09:34:14.701253+00,2026-09-17 09:34:24.768939+00,,,2026-09-17 09:34:14.702752+00
1328,21,a75fbbdaf3064d219c6ff7790ee6543d,66,FAILED,pcap/window-000066.pcap,704e5e5b3234433c01fcfd1b20a306e77e985038120492dc53965c3edd38a4ea,24,,,,sha256:b12b3a4a4218968aba2436685a4eb113473e5681de70705409e834e4613a879b,0,0,NO_TRAFFIC,No traffic observed in capture window,2026-09-17 09:34:24.782557+00,2026-09-17 09:34:34.929661+00,,,2026-09-17 09:34:24.783981+00
1329,21,62c57e01efb3414b8994af3dacb9c7bb,67,FAILED,pcap/window-000067.pcap,704e5e5b3234433c01fcfd1b20a306e77e985038120492dc53965c3edd38a4ea,24,,,,sha256:b12b3a4a4218968aba2436685a4eb113473e5681de70705409e834e4613a879b,0,0,NO_TRAFFIC,No traffic observed in capture window,2026-09-17 09:34:34.953151+00,2026-09-17 09:34:45.037139+00,,,2026-09-17 09:34:34.954212+00
1330,21,57dfe4b50f80410695454a05ec86fc1b,68,FAILED,pcap/window-000068.pcap,704e5e5b3234433c01fcfd1b20a306e77e985038120492dc53965c3edd38a4ea,24,,,,sha256:b12b3a4a4218968aba2436685a4eb113473e5681de70705409e834e4613a879b,0,0,NO_TRAFFIC,No traffic observed in capture window,2026-09-17 09:34:45.047924+00,2026-09-17 09:34:55.15849+00,,,2026-09-17 09:34:45.049061+00
1331,21,46cd3fcead6f4150b62eeff10be34df7,69,FAILED,pcap/window-000069.pcap,704e5e5b3234433c01fcfd1b20a306e77e985038120492dc53965c3edd38a4ea,24,,,,sha256:b12b3a4a4218968aba2436685a4eb113473e5681de70705409e834e4613a879b,0,0,NO_TRAFFIC,No traffic observed in capture window,2026-09-17 09:34:55.175049+00,2026-09-17 09:35:05.245827+00,,,2026-09-17 09:34:55.176566+00
1332,21,c967c41505af4ba8bc589aeec30f57c1,70,FAILED,pcap/window-000070.pcap,704e5e5b3234433c01fcfd1b20a306e77e985038120492dc53965c3edd38a4ea,24,,,,sha256:b12b3a4a4218968aba2436685a4eb113473e5681de70705409e834e4613a879b,0,0,NO_TRAFFIC,No traffic observed in capture window,2026-09-17 09:35:05.262626+00,2026-09-17 09:35:15.317257+00,,,2026-09-17 09:35:05.264231+00
1333,21,82fc1a53838d49e5b13761831fd2af57,71,FAILED,pcap/window-000071.pcap,704e5e5b3234433c01fcfd1b20a306e77e985038120492dc53965c3edd38a4ea,24,,,,sha256:b12b3a4a4218968aba2436685a4eb113473e5681de70705409e834e4613a879b,0,0,NO_TRAFFIC,No traffic observed in capture window,2026-09-17 09:35:15.332129+00,2026-09-17 09:35:25.453747+00,,,2026-09-17 09:35:15.333424+00
1334,21,8635c2095a5e46469eab732daa153579,72,COMMITTED,pcap/window-000072.pcap,2787bd12a8b134da1a8c026aae3d6cce8d7d2293f3ccaac8102dae467d0cb49f,28228,flows/window-000072/window-000072.pcap_ISCX.csv,c6aa1fc38bd0ba96c8643d01ce79dbdab39bfc22a02b16e77f400fe92248e356,22411,sha256:b12b3a4a4218968aba2436685a4eb113473e5681de70705409e834e4613a879b,46,46,,,2026-09-17 09:35:25.471432+00,2026-09-17 09:35:35.566267+00,2026-09-17 09:35:38.506714+00,2026-09-17 09:35:40.531084+00,2026-09-17 09:35:25.473231+00
1335,21,257177d51e9b46c3ace618c6b8aba21a,73,COMMITTED,pcap/window-000073.pcap,6a13710d5f1d9e9bb7b0ba98066b10f36ff40f96a6fc7b24e47e860b2a7c1387,65636,flows/window-000073/window-000073.pcap_ISCX.csv,dcb14c2dda98e40720bc456609c1106dfd6770734cdce472351e3152379e5018,51233,sha256:b12b3a4a4218968aba2436685a4eb113473e5681de70705409e834e4613a879b,108,108,,,2026-09-17 09:35:40.53719+00,2026-09-17 09:35:50.642796+00,2026-09-17 09:35:54.003512+00,2026-09-17 09:35:58.992648+00,2026-09-17 09:35:40.537633+00
1336,21,6ef394062b55455eb6a1eedd638bc010,74,COMMITTED,pcap/window-000074.pcap,91ce9f06ea90a868b00fbf8e4ee742f8268aa49dafd66c981380419e0e2eb0ea,63259,flows/window-000074/window-000074.pcap_ISCX.csv,093773bebd43c91883b24afbd786b93b374488cbe6169878173c35a4f4e8ab94,49875,sha256:b12b3a4a4218968aba2436685a4eb113473e5681de70705409e834e4613a879b,105,105,,,2026-09-17 09:35:58.999647+00,2026-09-17 09:36:09.08657+00,2026-09-17 09:36:12.271802+00,2026-09-17 09:36:18.127797+00,2026-09-17 09:35:59.000084+00
1337,21,7c1ad18f0f72458295742c4e75aff760,75,COMMITTED,pcap/window-000075.pcap,a20740cc5ee48ef68ca4544201bc07d610b9c593fe9ca78b7fa9895ac12356be,64587,flows/window-000075/window-000075.pcap_ISCX.csv,42698604e61bc9139d3adf93381e465e99ad12db01b5e69251d7684048defdae,51121,sha256:b12b3a4a4218968aba2436685a4eb113473e5681de70705409e834e4613a879b,108,108,,,2026-09-17 09:36:18.135692+00,2026-09-17 09:36:28.182177+00,2026-09-17 09:36:31.099642+00,2026-09-17 09:36:36.529926+00,2026-09-17 09:36:18.136304+00
1338,21,37fabbe1b99f4cdcbaebe672e9902635,76,COMMITTED,pcap/window-000076.pcap,cba9ca186eb67f2ab8b012e510cc3d46cb24a11b21cdc270ff33b6875e0e5986,64260,flows/window-000076/window-000076.pcap_ISCX.csv,ceb0b87f85ec99a8d5ffb95d58a336524111595e59e8472fb3f4698968a3fdec,50126,sha256:b12b3a4a4218968aba2436685a4eb113473e5681de70705409e834e4613a879b,106,106,,,2026-09-17 09:36:36.54047+00,2026-09-17 09:36:46.608345+00,2026-09-17 09:36:49.43323+00,2026-09-17 09:36:54.452295+00,2026-09-17 09:36:36.54099+00
1339,21,1d7f066b72fd4fa5b1b24a28ee2dae75,77,COMMITTED,pcap/window-000077.pcap,9953fa0c0814a796704a38237e298d7a63d1fe77defc692f749cf3b443c5bf3e,37807,flows/window-000077/window-000077.pcap_ISCX.csv,2fc678e08316b8983fd53a9dc1e7efe6e2269a9bde242538b89faa0fdf589e5e,29962,sha256:b12b3a4a4218968aba2436685a4eb113473e5681de70705409e834e4613a879b,62,62,,,2026-09-17 09:36:54.459025+00,2026-09-17 09:37:04.591892+00,2026-09-17 09:37:07.499684+00,2026-09-17 09:37:10.350925+00,2026-09-17 09:36:54.459528+00
1340,21,e1c8d7ca4a4942139008b268c6a3f894,78,FAILED,pcap/window-000078.pcap,704e5e5b3234433c01fcfd1b20a306e77e985038120492dc53965c3edd38a4ea,24,,,,sha256:b12b3a4a4218968aba2436685a4eb113473e5681de70705409e834e4613a879b,0,0,NO_TRAFFIC,No traffic observed in capture window,2026-09-17 09:37:10.35845+00,2026-09-17 09:37:20.475139+00,,,2026-09-17 09:37:10.358907+00
1341,21,481c9085b45f4d43ae4d4012a21c7e39,79,FAILED,pcap/window-000079.pcap,704e5e5b3234433c01fcfd1b20a306e77e985038120492dc53965c3edd38a4ea,24,,,,sha256:b12b3a4a4218968aba2436685a4eb113473e5681de70705409e834e4613a879b,0,0,NO_TRAFFIC,No traffic observed in capture window,2026-09-17 09:37:20.490028+00,2026-09-17 09:37:30.584312+00,,,2026-09-17 09:37:20.491301+00
1342,21,4d43f3e379124ba98ca6790c7cefcc1e,80,FAILED,pcap/window-000080.pcap,704e5e5b3234433c01fcfd1b20a306e77e985038120492dc53965c3edd38a4ea,24,,,,sha256:b12b3a4a4218968aba2436685a4eb113473e5681de70705409e834e4613a879b,0,0,NO_TRAFFIC,No traffic observed in capture window,2026-09-17 09:37:30.597064+00,2026-09-17 09:37:40.694478+00,,,2026-09-17 09:37:30.599306+00
1343,21,8fffebca8f67413da2df3e946b647ef6,81,FAILED,pcap/window-000081.pcap,704e5e5b3234433c01fcfd1b20a306e77e985038120492dc53965c3edd38a4ea,24,,,,sha256:b12b3a4a4218968aba2436685a4eb113473e5681de70705409e834e4613a879b,0,0,NO_TRAFFIC,No traffic observed in capture window,2026-09-17 09:37:40.713017+00,2026-09-17 09:37:50.836522+00,,,2026-09-17 09:37:40.714645+00
1344,21,c49bf603c2834c5cb42b27cfeffd11d7,82,FAILED,pcap/window-000082.pcap,704e5e5b3234433c01fcfd1b20a306e77e985038120492dc53965c3edd38a4ea,24,,,,sha256:b12b3a4a4218968aba2436685a4eb113473e5681de70705409e834e4613a879b,0,0,NO_TRAFFIC,No traffic observed in capture window,2026-09-17 09:37:50.852933+00,2026-09-17 09:38:00.916196+00,,,2026-09-17 09:37:50.854831+00
1345,21,22746c4880e84b538678ebbb28c0627c,83,FAILED,pcap/window-000083.pcap,704e5e5b3234433c01fcfd1b20a306e77e985038120492dc53965c3edd38a4ea,24,,,,sha256:b12b3a4a4218968aba2436685a4eb113473e5681de70705409e834e4613a879b,0,0,NO_TRAFFIC,No traffic observed in capture window,2026-09-17 09:38:00.93175+00,2026-09-17 09:38:11.056248+00,,,2026-09-17 09:38:00.933187+00
1346,21,40008c0a80cf46db89b9f595edb2dbeb,84,FAILED,pcap/window-000084.pcap,704e5e5b3234433c01fcfd1b20a306e77e985038120492dc53965c3edd38a4ea,24,,,,sha256:b12b3a4a4218968aba2436685a4eb113473e5681de70705409e834e4613a879b,0,0,NO_TRAFFIC,No traffic observed in capture window,2026-09-17 09:38:11.070015+00,2026-09-17 09:38:21.209491+00,,,2026-09-17 09:38:11.071346+00
1347,21,32c330171e6744cc8b9d27d224266c5a,85,FAILED,pcap/window-000085.pcap,704e5e5b3234433c01fcfd1b20a306e77e985038120492dc53965c3edd38a4ea,24,,,,sha256:b12b3a4a4218968aba2436685a4eb113473e5681de70705409e834e4613a879b,0,0,NO_TRAFFIC,No traffic observed in capture window,2026-09-17 09:38:21.226912+00,2026-09-17 09:38:31.316296+00,,,2026-09-17 09:38:21.228284+00
1348,21,2b9937c82d5047dda4f683e26482a49e,86,FAILED,pcap/window-000086.pcap,704e5e5b3234433c01fcfd1b20a306e77e985038120492dc53965c3edd38a4ea,24,,,,sha256:b12b3a4a4218968aba2436685a4eb113473e5681de70705409e834e4613a879b,0,0,NO_TRAFFIC,No traffic observed in capture window,2026-09-17 09:38:31.329567+00,2026-09-17 09:38:41.471933+00,,,2026-09-17 09:38:31.331179+00
1349,21,a87c5715236a4df4a9b9fe3967e95f7b,87,FAILED,pcap/window-000087.pcap,704e5e5b3234433c01fcfd1b20a306e77e985038120492dc53965c3edd38a4ea,24,,,,sha256:b12b3a4a4218968aba2436685a4eb113473e5681de70705409e834e4613a879b,0,0,NO_TRAFFIC,No traffic observed in capture window,2026-09-17 09:38:41.50899+00,2026-09-17 09:38:51.563717+00,,,2026-09-17 09:38:41.510306+00
1350,21,88ceac99e34c408db9081e494dcf667c,88,FAILED,pcap/window-000088.pcap,704e5e5b3234433c01fcfd1b20a306e77e985038120492dc53965c3edd38a4ea,24,,,,sha256:b12b3a4a4218968aba2436685a4eb113473e5681de70705409e834e4613a879b,0,0,NO_TRAFFIC,No traffic observed in capture window,2026-09-17 09:38:51.579245+00,2026-09-17 09:39:01.707407+00,,,2026-09-17 09:38:51.581807+00
1351,21,f04d26cb6fa0423ab9ef2ddf9e6f52e7,89,FAILED,pcap/window-000089.pcap,704e5e5b3234433c01fcfd1b20a306e77e985038120492dc53965c3edd38a4ea,24,,,,sha256:b12b3a4a4218968aba2436685a4eb113473e5681de70705409e834e4613a879b,0,0,NO_TRAFFIC,No traffic observed in capture window,2026-09-17 09:39:01.724927+00,2026-09-17 09:39:11.838322+00,,,2026-09-17 09:39:01.72682+00
1352,21,5279029ac96f427f976dd7a92b1c5111,90,FAILED,pcap/window-000090.pcap,704e5e5b3234433c01fcfd1b20a306e77e985038120492dc53965c3edd38a4ea,24,,,,sha256:b12b3a4a4218968aba2436685a4eb113473e5681de70705409e834e4613a879b,0,0,NO_TRAFFIC,No traffic observed in capture window,2026-09-17 09:39:11.856433+00,2026-09-17 09:39:21.978903+00,,,2026-09-17 09:39:11.858425+00
1353,21,5c81a8ca0c72476687856c5a5c5796bc,91,FAILED,pcap/window-000091.pcap,704e5e5b3234433c01fcfd1b20a306e77e985038120492dc53965c3edd38a4ea,24,,,,sha256:b12b3a4a4218968aba2436685a4eb113473e5681de70705409e834e4613a879b,0,0,NO_TRAFFIC,No traffic observed in capture window,2026-09-17 09:39:21.9969+00,2026-09-17 09:39:23.950802+00,,,2026-09-17 09:39:21.998053+00
1354,22,ef0649514ac5443ca1da5fcfe1e027d4,1,FAILED,pcap/window-000001.pcap,704e5e5b3234433c01fcfd1b20a306e77e985038120492dc53965c3edd38a4ea,24,,,,sha256:b12b3a4a4218968aba2436685a4eb113473e5681de70705409e834e4613a879b,0,0,NO_TRAFFIC,No traffic observed in capture window,2026-09-17 09:39:47.319778+00,2026-09-17 09:39:57.444198+00,,,2026-09-17 09:39:47.320619+00
1355,22,408a12d6eaee4fdcb32da44b5760d3dd,2,FAILED,pcap/window-000002.pcap,704e5e5b3234433c01fcfd1b20a306e77e985038120492dc53965c3edd38a4ea,24,,,,sha256:b12b3a4a4218968aba2436685a4eb113473e5681de70705409e834e4613a879b,0,0,NO_TRAFFIC,No traffic observed in capture window,2026-09-17 09:39:57.464605+00,2026-09-17 09:40:07.512142+00,,,2026-09-17 09:39:57.466094+00
1356,22,17d5a603eb654640a94c6f58a54026a7,3,FAILED,pcap/window-000003.pcap,704e5e5b3234433c01fcfd1b20a306e77e985038120492dc53965c3edd38a4ea,24,,,,sha256:b12b3a4a4218968aba2436685a4eb113473e5681de70705409e834e4613a879b,0,0,NO_TRAFFIC,No traffic observed in capture window,2026-09-17 09:40:07.527242+00,2026-09-17 09:40:17.585139+00,,,2026-09-17 09:40:07.528546+00
1357,22,fbf2c58c7ea44a30aa824edda36f53da,4,FAILED,pcap/window-000004.pcap,704e5e5b3234433c01fcfd1b20a306e77e985038120492dc53965c3edd38a4ea,24,,,,sha256:b12b3a4a4218968aba2436685a4eb113473e5681de70705409e834e4613a879b,0,0,NO_TRAFFIC,No traffic observed in capture window,2026-09-17 09:40:17.59781+00,2026-09-17 09:40:27.632623+00,,,2026-09-17 09:40:17.598684+00
1358,22,67f54c4bd257422bad6f2c930c02d9ca,5,FAILED,pcap/window-000005.pcap,704e5e5b3234433c01fcfd1b20a306e77e985038120492dc53965c3edd38a4ea,24,,,,sha256:b12b3a4a4218968aba2436685a4eb113473e5681de70705409e834e4613a879b,0,0,NO_TRAFFIC,No traffic observed in capture window,2026-09-17 09:40:27.657615+00,2026-09-17 09:40:37.690527+00,,,2026-09-17 09:40:27.659805+00
1359,22,f491c2adbf1248ab8c65df8018a9175f,6,FAILED,pcap/window-000006.pcap,704e5e5b3234433c01fcfd1b20a306e77e985038120492dc53965c3edd38a4ea,24,,,,sha256:b12b3a4a4218968aba2436685a4eb113473e5681de70705409e834e4613a879b,0,0,NO_TRAFFIC,No traffic observed in capture window,2026-09-17 09:40:37.700025+00,2026-09-17 09:40:47.774523+00,,,2026-09-17 09:40:37.701048+00
1360,22,8e146a0c30fe4b50aa6d57b335f8a689,7,FAILED,pcap/window-000007.pcap,704e5e5b3234433c01fcfd1b20a306e77e985038120492dc53965c3edd38a4ea,24,,,,sha256:b12b3a4a4218968aba2436685a4eb113473e5681de70705409e834e4613a879b,0,0,NO_TRAFFIC,No traffic observed in capture window,2026-09-17 09:40:47.78731+00,2026-09-17 09:40:57.845811+00,,,2026-09-17 09:40:47.788816+00
1361,22,0e007c9d45674b768e61f2168c333480,8,FAILED,pcap/window-000008.pcap,704e5e5b3234433c01fcfd1b20a306e77e985038120492dc53965c3edd38a4ea,24,,,,sha256:b12b3a4a4218968aba2436685a4eb113473e5681de70705409e834e4613a879b,0,0,NO_TRAFFIC,No traffic observed in capture window,2026-09-17 09:40:57.85868+00,2026-09-17 09:41:07.905294+00,,,2026-09-17 09:40:57.859332+00
1362,22,cc9342f1eacb44cdbb2414c3d9909fcb,9,FAILED,pcap/window-000009.pcap,704e5e5b3234433c01fcfd1b20a306e77e985038120492dc53965c3edd38a4ea,24,,,,sha256:b12b3a4a4218968aba2436685a4eb113473e5681de70705409e834e4613a879b,0,0,NO_TRAFFIC,No traffic observed in capture window,2026-09-17 09:41:07.915528+00,2026-09-17 09:41:18.054826+00,,,2026-09-17 09:41:07.915997+00
1363,22,b94592d464ee4ecaa38e4733eecfb215,10,FAILED,pcap/window-000010.pcap,704e5e5b3234433c01fcfd1b20a306e77e985038120492dc53965c3edd38a4ea,24,,,,sha256:b12b3a4a4218968aba2436685a4eb113473e5681de70705409e834e4613a879b,0,0,NO_TRAFFIC,No traffic observed in capture window,2026-09-17 09:41:18.068634+00,2026-09-17 09:41:28.214032+00,,,2026-09-17 09:41:18.0697+00
1364,22,664952468ba0438f81fc80d8a6e4b3fb,11,COMMITTED,pcap/window-000011.pcap,579c4709b39b5d3a2a71c153b5df412242d1fc0eaf71fbc095cbc9be9558dfae,144098,flows/window-000011/window-000011.pcap_ISCX.csv,1392ab7fe056ae55d603442225b4d4d36fc86965c8443452c7c27b1be314c72c,361105,sha256:b12b3a4a4218968aba2436685a4eb113473e5681de70705409e834e4613a879b,1000,1000,,,2026-09-17 09:41:28.222937+00,2026-09-17 09:41:38.262834+00,2026-09-17 09:41:42.195559+00,2026-09-17 09:42:28.896108+00,2026-09-17 09:41:28.223934+00
1365,22,84313d10d5cc4088bfa7abfc1716e152,12,FAILED,pcap/window-000012.pcap,704e5e5b3234433c01fcfd1b20a306e77e985038120492dc53965c3edd38a4ea,24,,,,sha256:b12b3a4a4218968aba2436685a4eb113473e5681de70705409e834e4613a879b,0,0,NO_TRAFFIC,No traffic observed in capture window,2026-09-17 09:42:28.91805+00,2026-09-17 09:42:38.978988+00,,,2026-09-17 09:42:28.918475+00
1366,22,ac2f558a86e2429ab506750470670d8e,13,FAILED,pcap/window-000013.pcap,704e5e5b3234433c01fcfd1b20a306e77e985038120492dc53965c3edd38a4ea,24,,,,sha256:b12b3a4a4218968aba2436685a4eb113473e5681de70705409e834e4613a879b,0,0,NO_TRAFFIC,No traffic observed in capture window,2026-09-17 09:42:38.990681+00,2026-09-17 09:42:49.074689+00,,,2026-09-17 09:42:38.992224+00
1367,22,f20b2dc370e847c3979c2a44f1f21edb,14,FAILED,pcap/window-000014.pcap,704e5e5b3234433c01fcfd1b20a306e77e985038120492dc53965c3edd38a4ea,24,,,,sha256:b12b3a4a4218968aba2436685a4eb113473e5681de70705409e834e4613a879b,0,0,NO_TRAFFIC,No traffic observed in capture window,2026-09-17 09:42:49.09312+00,2026-09-17 09:42:59.172609+00,,,2026-09-17 09:42:49.094773+00
1368,22,0d9b86e671714a8b8af267dbfb3e9a65,15,FAILED,pcap/window-000015.pcap,704e5e5b3234433c01fcfd1b20a306e77e985038120492dc53965c3edd38a4ea,24,,,,sha256:b12b3a4a4218968aba2436685a4eb113473e5681de70705409e834e4613a879b,0,0,NO_TRAFFIC,No traffic observed in capture window,2026-09-17 09:42:59.195036+00,2026-09-17 09:43:09.288597+00,,,2026-09-17 09:42:59.196542+00
1369,22,92f044fb2cee43628d612e770b63d0d3,16,FAILED,pcap/window-000016.pcap,704e5e5b3234433c01fcfd1b20a306e77e985038120492dc53965c3edd38a4ea,24,,,,sha256:b12b3a4a4218968aba2436685a4eb113473e5681de70705409e834e4613a879b,0,0,NO_TRAFFIC,No traffic observed in capture window,2026-09-17 09:43:09.299615+00,2026-09-17 09:43:19.429445+00,,,2026-09-17 09:43:09.300846+00
1370,22,fb75b17a4253488bb64a4ac6250b8201,17,FAILED,pcap/window-000017.pcap,704e5e5b3234433c01fcfd1b20a306e77e985038120492dc53965c3edd38a4ea,24,,,,sha256:b12b3a4a4218968aba2436685a4eb113473e5681de70705409e834e4613a879b,0,0,NO_TRAFFIC,No traffic observed in capture window,2026-09-17 09:43:19.437095+00,2026-09-17 09:43:29.516621+00,,,2026-09-17 09:43:19.438092+00
1371,22,1c87db240e4a4fbab902c2181adf3794,18,FAILED,pcap/window-000018.pcap,704e5e5b3234433c01fcfd1b20a306e77e985038120492dc53965c3edd38a4ea,24,,,,sha256:b12b3a4a4218968aba2436685a4eb113473e5681de70705409e834e4613a879b,0,0,NO_TRAFFIC,No traffic observed in capture window,2026-09-17 09:43:29.534436+00,2026-09-17 09:43:36.508095+00,,,2026-09-17 09:43:29.538198+00
