1,2026-09-17T03:59:19Z,0
2,2026-09-17T03:59:20Z,0
3,2026-09-17T03:59:21Z,0
4,2026-09-17T03:59:22Z,0
5,2026-09-17T03:59:23Z,0
6,2026-09-17T03:59:24Z,0
7,2026-09-17T03:59:25Z,0
8,2026-09-17T03:59:26Z,0
9,2026-09-17T03:59:27Z,0
10,2026-09-17T03:59:28Z,0
11,2026-09-17T03:59:29Z,0
12,2026-09-17T03:59:30Z,0
13,2026-09-17T03:59:31Z,0
14,2026-09-17T03:59:32Z,0
15,2026-09-17T03:59:33Z,0
16,2026-09-17T03:59:34Z,0
17,2026-09-17T03:59:35Z,0
18,2026-09-17T03:59:36Z,0
19,2026-09-17T03:59:37Z,0
20,2026-09-17T03:59:38Z,0
21,2026-09-17T03:59:39Z,0
22,2026-09-17T03:59:40Z,0
23,2026-09-17T03:59:41Z,0
24,2026-09-17T03:59:42Z,0
25,2026-09-17T03:59:43Z,0
26,2026-09-17T03:59:44Z,0
27,2026-09-17T03:59:45Z,0
28,2026-09-17T03:59:46Z,0
29,2026-09-17T03:59:48Z,0
30,2026-09-17T03:59:49Z,0
31,2026-09-17T03:59:50Z,0
32,2026-09-17T03:59:51Z,0
33,2026-09-17T03:59:52Z,0
34,2026-09-17T03:59:53Z,0
35,2026-09-17T03:59:54Z,0
36,2026-09-17T03:59:55Z,0
37,2026-09-17T03:59:56Z,0
38,2026-09-17T03:59:57Z,0
39,2026-09-17T03:59:58Z,0
40,2026-09-17T03:59:59Z,0
41,2026-09-17T04:00:00Z,0
42,2026-09-17T04:00:01Z,0
43,2026-09-17T04:00:02Z,0
44,2026-09-17T04:00:03Z,0
45,2026-09-17T04:00:04Z,0
46,2026-09-17T04:00:05Z,0
47,2026-09-17T04:00:06Z,0
48,2026-09-17T04:00:07Z,0
49,2026-09-17T04:00:08Z,0
50,2026-09-17T04:00:09Z,0
51,2026-09-17T04:00:10Z,0
52,2026-09-17T04:00:11Z,0
53,2026-09-17T04:00:12Z,0
54,2026-09-17T04:00:13Z,0
55,2026-09-17T04:00:14Z,0
56,2026-09-17T04:00:15Z,0
57,2026-09-17T04:00:16Z,0
58,2026-09-17T04:00:17Z,0
59,2026-09-17T04:00:18Z,0
60,2026-09-17T04:00:19Z,0
61,2026-09-17T04:00:21Z,0
62,2026-09-17T04:00:22Z,0
63,2026-09-17T04:00:23Z,0
64,2026-09-17T04:00:24Z,0
65,2026-09-17T04:00:25Z,0
66,2026-09-17T04:00:26Z,0
67,2026-09-17T04:00:27Z,0
68,2026-09-17T04:00:28Z,0
69,2026-09-17T04:00:29Z,0
70,2026-09-17T04:00:30Z,0
71,2026-09-17T04:00:31Z,0
72,2026-09-17T04:00:32Z,0
73,2026-09-17T04:00:33Z,0
74,2026-09-17T04:00:34Z,0
75,2026-09-17T04:00:35Z,0
76,2026-09-17T04:00:36Z,0
77,2026-09-17T04:00:37Z,0
78,2026-09-17T04:00:38Z,0
79,2026-09-17T04:00:39Z,0
80,2026-09-17T04:00:40Z,0
81,2026-09-17T04:00:41Z,0
82,2026-09-17T04:00:42Z,0
83,2026-09-17T04:00:43Z,0
84,2026-09-17T04:00:44Z,0
85,2026-09-17T04:00:45Z,0
86,2026-09-17T04:00:46Z,0
87,2026-09-17T04:00:47Z,0
88,2026-09-17T04:00:48Z,0
89,2026-09-17T04:00:49Z,0
90,2026-09-17T04:00:50Z,0
91,2026-09-17T04:00:51Z,0
92,2026-09-17T04:00:52Z,0
93,2026-09-17T04:00:53Z,0
94,2026-09-17T04:00:54Z,0
95,2026-09-17T04:00:55Z,0
96,2026-09-17T04:00:56Z,0
97,2026-09-17T04:00:57Z,0
98,2026-09-17T04:00:58Z,0
99,2026-09-17T04:00:59Z,0
100,2026-09-17T04:01:00Z,0
