feature,importance_rank,importance,ks_training_vs_experiment_portscan,ks_training_vs_experiment_normal,experiment_portscan_outside_training_range_pct,experiment_portscan_to_training_median_ratio,cicids2017_training_portscan_count,cicids2017_training_portscan_mean,cicids2017_training_portscan_std,cicids2017_training_portscan_min,cicids2017_training_portscan_median,cicids2017_training_portscan_p95,cicids2017_training_portscan_max,cicids2017_training_portscan_percentage_zero,experiment_c_portscan_count,experiment_c_portscan_mean,experiment_c_portscan_std,experiment_c_portscan_min,experiment_c_portscan_median,experiment_c_portscan_p95,experiment_c_portscan_max,experiment_c_portscan_percentage_zero,experiment_c_normal_http_count,experiment_c_normal_http_mean,experiment_c_normal_http_std,experiment_c_normal_http_min,experiment_c_normal_http_median,experiment_c_normal_http_p95,experiment_c_normal_http_max,experiment_c_normal_http_percentage_zero
fwd_packet_length_mean,1,0.06979307622461878,0.9999449452893813,0.9999449452893813,0.0,,72655,1.0297694206237793,1.5438547134399414,0.0,0.0,2.0,147.3000030517578,50.26770353038332,1000,57.9986686706543,0.0421636626124382,56.66666793823242,58.0,58.0,58.0,0.0,32,84.95833587646484,11.348108291625977,80.0,82.33333587646484,94.78333473205565,141.0,0.0
total_length_of_fwd_packets,2,0.05865668757115486,0.9995733259927052,0.9999311816117267,0.0,,72655,1.1697750091552734,8.005016326904297,0.0,0.0,2.0,1473.0,50.26770353038332,1000,116.05400085449219,1.707629919052124,116.0,116.0,116.0,170.0,0.0,32,480.875,61.921775817871094,220.0,494.0,494.0,560.0,0.0
average_packet_size,3,0.057730422247653464,0.9990365425641732,0.9990503062418278,0.0,18.88888931274414,72655,5.077630519866943,36.422672271728516,0.0,3.0,5.0,1290.3333740234375,0.6069781845709173,1000,56.6670036315918,0.010540884919464588,56.66666793823242,56.66666793823242,56.66666793823242,57.0,0.0,32,96.76683044433594,8.540249824523926,90.53845977783203,95.0,101.74999999999999,141.0,0.0
subflow_fwd_bytes,4,0.056398301348612644,0.9995733259927052,0.9999311816117267,0.0,,72655,1.1697750091552734,8.005016326904297,0.0,0.0,2.0,1473.0,50.26770353038332,1000,116.05400085449219,1.707629919052124,116.0,116.0,116.0,170.0,0.0,32,480.875,61.921775817871094,220.0,494.0,494.0,560.0,0.0
avg_fwd_segment_size,5,0.05618528138697351,0.9999449452893813,0.9999449452893813,0.0,,72655,1.0297694206237793,1.5438547134399414,0.0,0.0,2.0,147.3000030517578,50.26770353038332,1000,57.9986686706543,0.0421636626124382,56.66666793823242,58.0,58.0,58.0,0.0,32,84.95833587646484,11.348108291625977,80.0,82.33333587646484,94.78333473205565,141.0,0.0
fwd_packet_length_max,6,0.05360605315036437,0.9993255797949212,0.9995733259927052,0.0,,72655,1.129901647567749,4.599301815032959,0.0,0.0,2.0,397.0,50.26770353038332,1000,58.0,0.0,58.0,58.0,58.0,58.0,0.0,32,146.59375,6.791167736053467,110.0,148.0,148.0,148.0,0.0
subflow_fwd_packets,7,0.03381752229780614,0.9836349872685982,0.9836349872685982,0.0,2.0,72655,1.0290826559066772,0.26910826563835144,1.0,1.0,1.0,18.0,0.0,1000,2.000999927520752,0.03162277862429619,2.0,2.0,2.0,3.0,0.0,32,5.78125,1.0075321197509766,2.0,6.0,6.0,7.0,0.0
packet_length_mean,8,0.030767526345343982,0.9990503062418278,0.9990503062418278,0.0,23.61111070270893,72655,3.653049945831299,32.939815521240234,0.0,2.4000000953674316,3.3333332538604736,1161.300048828125,0.6069781845709173,1000,56.6670036315918,0.010540884919464588,56.66666793823242,56.66666793823242,56.66666793823242,57.0,0.0,32,96.76683044433594,8.540249824523926,90.53845977783203,95.0,101.74999999999999,141.0,0.0
total_fwd_packets,9,0.029684341887607796,0.9836349872685982,0.9836349872685982,0.0,2.0,72655,1.0290826559066772,0.26910826563835144,1.0,1.0,1.0,18.0,0.0,1000,2.000999927520752,0.03162277862429619,2.0,2.0,2.0,3.0,0.0,32,5.78125,1.0075321197509766,2.0,6.0,6.0,7.0,0.0
flow_iat_max,10,0.029210397904237996,0.9986786869451517,0.9986786869451517,0.0,6.000000212225131e-08,72655,138382.703125,2963620.0,0.0,50.0,97.0,120000000.0,0.13213130548482555,1000,1.487500048824586e-05,5.608435458270833e-05,0.0,3.000000106112566e-06,4.999999873689376e-05,0.000678999989759177,0.7000000000000001,32,0.003605406265705824,0.0021467842161655426,0.0,0.003335000015795231,0.0072323499014601104,0.008309000171720982,6.25
bwd_packets_s,11,0.026529619849240283,0.7831019200330328,0.9827403482210446,0.0,16.6666671875,72655,35968.0234375,79194.2265625,0.0,20000.0,90909.09375,1000000.0,0.19406785493083753,1000,377712.59375,300973.1875,0.0,333333.34375,1000000.0,1000000.0,0.7000000000000001,32,926.2098388671875,553.4797973632812,0.0,768.0921630859375,1928.939697265625,2239.14013671875,6.25
fwd_iat_total,12,0.024036633694432163,0.016365012731401785,0.9211349872685982,0.0,,72655,141978.140625,3024038.5,0.0,0.0,0.0,120000000.0,98.36349872685982,1000,1.2199999446238508e-06,3.857978663290851e-05,0.0,0.0,0.0,0.0012199999764561653,99.9,32,0.005848531611263752,0.0028875162824988365,0.0,0.005919500254094601,0.009861049940809608,0.011761999689042568,6.25
flow_duration,13,0.02328676178459756,0.9986786869451517,0.9986786869451517,0.0,6.000000212225131e-08,72655,142259.453125,3022895.5,0.0,50.0,97.0,119809736.0,0.13213130548482555,1000,1.54310000652913e-05,6.46308035356924e-05,0.0,3.000000106112566e-06,4.999999873689376e-05,0.0012199999764561653,0.7000000000000001,32,0.00587415648624301,0.0028953994624316692,0.0,0.0059380000457167625,0.00988884991966188,0.011814000084996223,6.25
bwd_packet_length_mean,14,0.022059569375214978,0.9990503062418278,0.9365503062418278,0.0,9.0,72655,7.789047718048096,60.739479064941406,0.0,6.0,6.0,2315.199951171875,0.633129172114789,1000,54.00400161743164,0.12649111449718475,54.0,54.0,54.0,58.0,0.0,32,103.08229064941406,27.07288360595703,0.0,110.19999694824219,110.19999694824219,110.19999694824219,6.25
init_win_bytes_forward,15,0.019757021684254198,0.503557910673732,0.9371008533480146,0.0,0.03506849315068493,72655,15225.6767578125,14119.556640625,-1.0,29200.0,29200.0,64240.0,0.0,1000,1024.0,0.0,1024.0,1024.0,1024.0,1024.0,0.0,32,60225.0,15798.8447265625,0.0,64240.0,64240.0,64240.0,6.25
act_data_pkt_fwd,16,0.019212293916940678,0.006936893537953348,0.9930631064620467,0.0,,72655,0.007019475568085909,0.08495909720659256,0.0,0.0,0.0,4.0,99.30631064620466,1000,0.0,0.0,0.0,0.0,0.0,0.0,100.0,32,1.0625,0.24593468010425568,1.0,1.0,1.4499999999999993,2.0,0.0
avg_bwd_segment_size,17,0.01879072288663072,0.9990503062418278,0.9365503062418278,0.0,9.0,72655,7.789047718048096,60.739479064941406,0.0,6.0,6.0,2315.199951171875,0.633129172114789,1000,54.00400161743164,0.12649111449718475,54.0,54.0,54.0,58.0,0.0,32,103.08229064941406,27.07288360595703,0.0,110.19999694824219,110.19999694824219,110.19999694824219,6.25
flow_packets_s,18,0.01875389301585683,0.828116842845133,0.9898289667718684,15.1,25.0,72559,72055.6171875,158461.140625,0.033386267721652985,40000.0,181818.1875,2000000.0,0.0,1000,1133138.75,902918.5625,0.0,1000000.0,3000000.0,3000000.0,0.7000000000000001,32,2036.73193359375,1217.7255859375,0.0,1689.802734375,4243.6673583984375,4926.1083984375,6.25
fwd_iat_std,19,0.018535205817935253,0.00832702498107496,0.929172975018925,0.0,,72655,3531.975830078125,129587.3671875,0.0,0.0,0.0,18000000.0,99.1672975018925,1000,6.099999723119254e-07,1.9289893316454254e-05,0.0,0.0,0.0,0.0006099999882280827,99.9,32,0.0016858505550771952,0.000912696763407439,0.0,0.0018263943493366241,0.003014005557633936,0.0037849098443984985,6.25
packet_length_std,20,0.01800290551455784,0.9939164544766361,0.9361924506228064,0.0,0.8164965988150311,72655,4.546171188354492,54.73595428466797,0.0,2.309401035308838,3.464101552963257,2137.603515625,0.6083545523363842,1000,1.8854645490646362,0.00485622463747859,1.7320507764816284,1.8856180906295776,1.8856180906295776,1.8856180906295776,0.0,32,50.99200439453125,13.389337539672852,0.0,54.501041412353516,54.501041412353516,54.501041412353516,6.25
fwd_iat_mean,21,0.017277657399376176,0.016365012731401785,0.9211349872685982,0.0,,72655,134672.34375,2954576.75,0.0,0.0,0.0,120000000.0,98.36349872685982,1000,6.099999723119254e-07,1.9289893316454254e-05,0.0,0.0,0.0,0.0006099999882280827,99.9,32,0.0011627280618995428,0.0005767302354797721,0.0,0.0011130499187856913,0.00197221003472805,0.0023523999843746424,6.25
fwd_header_length.1,22,0.01588471724128783,0.4901933796710481,0.9352427568646342,0.0,1.0,72655,32.93119430541992,11.717341423034668,0.0,40.0,40.0,328.0,0.005505471061867731,1000,40.02000045776367,0.6324555277824402,40.0,40.0,40.0,60.0,0.0,32,115.625,20.15064239501953,40.0,120.0,120.0,140.0,0.0
max_packet_length,23,0.01552659662705139,0.9986924506228064,0.9986924506228064,0.0,9.666666666666666,72655,10.722524642944336,156.1016082763672,0.0,6.0,6.0,5792.0,0.6069781845709173,1000,58.0,0.0,58.0,58.0,58.0,58.0,0.0,32,243.15625,31.114885330200195,110.0,251.0,251.0,251.0,0.0
psh_flag_count,24,0.01536206993729795,0.9992980524396119,0.9375,0.0,0.0,72655,0.9992980360984802,0.026485174894332886,0.0,1.0,1.0,1.0,0.07019475603881357,1000,0.0,0.0,0.0,0.0,0.0,0.0,100.0,32,2.8125,0.7378040552139282,0.0,3.0,3.0,3.0,6.25
flow_iat_std,25,0.01466029036765193,0.9766349872685982,0.9211349872685982,0.0,,72655,78691.9375,1706430.375,0.0,0.0,0.0,69200000.0,98.36349872685982,1000,7.396417458949145e-06,2.759269773378037e-05,0.0,1.500000053056283e-06,2.499999936844688e-05,0.0003394999948795885,0.7000000000000001,32,0.001072651706635952,0.0006266903365030885,0.0,0.0011251237010583282,0.0021198169095441696,0.002435598522424698,6.25
bwd_packet_length_max,26,0.014440276938808012,0.9986924506228064,0.9365503062418278,0.0,9.0,72655,10.681674003601074,156.0897216796875,0.0,6.0,6.0,5792.0,0.633129172114789,1000,54.00400161743164,0.12649111449718475,54.0,54.0,54.0,58.0,0.0,32,235.3125,61.72960662841797,0.0,251.0,251.0,251.0,6.25
packet_length_variance,27,0.01434066995084838,0.9939164544766361,0.9361924506228064,0.0,0.6666666517655059,72655,3016.651123046875,101843.5625,0.0,5.333333492279053,12.0,4569349.0,0.6083545523363842,1000,3.5550007820129395,0.017568210139870644,3.0,3.555555582046509,3.555555582046509,3.555555582046509,0.0,32,2773.8564453125,730.24951171875,0.0,2970.363525390625,2970.363525390625,2970.363525390625,6.25
flow_bytes_s,28,0.012539916546462302,0.9601982524566215,0.21648201808183687,87.5,410.8333526289067,72559,253628.984375,567290.25,0.0,137931.03125,666666.6875,8000000.0,0.607781253876156,1000,64211188.0,51165384.0,0.0,56666668.0,170000000.0,170000000.0,0.7000000000000001,32,193220.0,115717.6015625,0.0,160531.25,403148.4078125,467980.28125,6.25
flow_iat_mean,29,0.012114044474693029,0.9986786869451517,0.9986786869451517,0.0,3.000000106112566e-08,72655,45456.32421875,986008.1875,0.0,50.0,97.0,39900000.0,0.13213130548482555,1000,7.51216612115968e-06,2.8990607461309992e-05,0.0,1.500000053056283e-06,2.499999936844688e-05,0.00040666665881872177,0.7000000000000001,32,0.0005839135264977813,0.0002891563926823437,0.0,0.0005587166524492204,0.0009888850065181032,0.0011814000317826867,6.25
total_length_of_bwd_packets,30,0.012056970617397567,0.9986924506228064,0.9365503062418278,0.0,9.0,72655,16.44561195373535,345.4771423339844,0.0,6.0,6.0,11595.0,0.633129172114789,1000,54.00400161743164,0.12649111449718475,54.0,54.0,54.0,58.0,0.0,32,518.625,136.5493621826172,0.0,551.0,551.0,617.0,6.25
fwd_iat_max,31,0.012043056920517735,0.016365012731401785,0.9211349872685982,0.0,,72655,138125.171875,2963451.0,0.0,0.0,0.0,120000000.0,98.36349872685982,1000,1.2199999446238508e-06,3.857978663290851e-05,0.0,0.0,0.0,0.0012199999764561653,99.9,32,0.004411125555634499,0.002349795075133443,0.0,0.0045055001974105835,0.007793400087393819,0.009762000292539597,6.25
bwd_packet_length_min,32,0.011785350065507192,1.0,0.9375,100.0,9.0,72655,5.928896903991699,0.637474536895752,0.0,6.0,6.0,48.0,0.8368316014038951,1000,54.00400161743164,0.12649111449718475,54.0,54.0,54.0,58.0,0.0,32,61.875,16.231689453125,0.0,66.0,66.0,66.0,6.25
fwd_header_length,33,0.011315397571790769,0.4901933796710481,0.9352427568646342,0.0,1.0,72655,32.93119430541992,11.717341423034668,0.0,40.0,40.0,328.0,0.005505471061867731,1000,40.02000045776367,0.6324555277824402,40.0,40.0,40.0,60.0,0.0,32,115.625,20.15064239501953,40.0,120.0,120.0,140.0,0.0
subflow_bwd_bytes,34,0.01113357693285563,0.9986924506228064,0.9365503062418278,0.0,9.0,72655,16.44561195373535,345.4771423339844,0.0,6.0,6.0,11595.0,0.633129172114789,1000,54.00400161743164,0.12649111449718475,54.0,54.0,54.0,58.0,0.0,32,518.625,136.5493621826172,0.0,551.0,551.0,617.0,6.25
fwd_packets_s,35,0.011131896346437568,0.8408115064345193,0.9916592113412704,14.399999999999999,33.333334375,72655,35992.3828125,79183.9921875,0.0,20000.0,90909.09375,1000000.0,0.13213130548482555,1000,755426.0625,601945.3125,0.0,666666.6875,2000000.0,2000000.0,0.7000000000000001,32,1110.522216796875,664.2553100585938,0.0,921.7105712890625,2314.727648925781,2686.96826171875,6.25
bwd_header_length,36,0.010368096232830675,0.015773174592251027,0.9361924506228064,0.0,1.0,72655,20.413955688476562,6.063807010650635,0.0,20.0,20.0,296.0,0.06468928497694584,1000,20.0,0.0,20.0,20.0,20.0,20.0,0.0,32,94.375,25.0080623626709,0.0,100.0,100.0,120.0,6.25
total_backward_packets,37,0.010060785405143801,0.004996214988644998,0.9365640699194825,0.0,1.0,72655,1.0082857608795166,0.16529199481010437,0.0,1.0,1.0,9.0,0.06193654944601197,1000,1.0,0.0,1.0,1.0,1.0,1.0,0.0,32,4.71875,1.2504031658172607,0.0,5.0,5.0,6.0,6.25
subflow_bwd_packets,38,0.009650561398480676,0.004996214988644998,0.9365640699194825,0.0,1.0,72655,1.0082857608795166,0.16529199481010437,0.0,1.0,1.0,9.0,0.06193654944601197,1000,1.0,0.0,1.0,1.0,1.0,1.0,0.0,32,4.71875,1.2504031658172607,0.0,5.0,5.0,6.0,6.25
ack_flag_count,39,0.009080991340514481,0.9993668708278852,0.9375,0.0,,72655,0.0006331291515380144,0.025154264643788338,0.0,0.0,0.0,1.0,99.93668708278852,1000,1.0,0.0,1.0,1.0,1.0,1.0,0.0,32,8.5,2.257603645324707,0.0,9.0,9.0,11.0,6.25
init_win_bytes_backward,40,0.008990394223922348,0.012089257449590551,0.9375,0.1,,72655,313.1272888183594,2998.74560546875,-1.0,0.0,0.0,29200.0,98.62500860229854,1000,64.23999786376953,2031.4471435546875,0.0,0.0,0.0,64240.0,99.9,32,61087.5,16025.1044921875,0.0,65160.0,65160.0,65160.0,6.25
bwd_packet_length_std,41,0.008604750670916463,0.0020370242928910987,0.9361924506228064,0.0,,72655,1.9953376054763794,65.28475952148438,0.0,0.0,0.0,2628.88330078125,99.79629757071089,1000,0.0,0.0,0.0,0.0,0.0,0.0,100.0,32,66.56471252441406,17.47725486755371,0.0,71.14042663574219,71.14042663574219,71.14042663574219,6.25
fwd_packet_length_std,42,0.00810793022505172,0.006936893537953348,0.9370733259927052,0.0,,72655,0.06965497881174088,2.101796865463257,0.0,0.0,0.0,190.5868377685547,99.27740692312986,1000,0.001885618083178997,0.059628479182720184,0.0,0.0,0.0,1.8856180906295776,99.9,32,27.685001373291016,7.26814079284668,0.0,29.58415412902832,29.58415412902832,29.58415412902832,6.25
destination_port,43,0.008107063223032228,0.8454571605532999,0.6675392264813158,0.0,0.14190530195633683,72655,8521.0458984375,13371.9814453125,0.0,3527.0,49155.0,65389.0,0.005505471061867731,1000,500.5,288.8194274902344,1.0,500.5,950.05,1000.0,0.0,32,7746.5625,1469.8035888671875,137.0,8080.0,8080.0,8080.0,0.0
fwd_packet_length_min,44,0.007840488095608292,1.0,1.0,100.0,,72655,0.9915628433227539,1.0150532722473145,0.0,0.0,2.0,48.0,50.45351317872135,1000,57.99599838256836,0.12649111449718475,54.0,58.0,58.0,58.0,0.0,32,69.71875,15.153482437133789,66.0,66.0,85.79999999999997,141.0,0.0
min_packet_length,45,0.007063370336737162,1.0,1.0,100.0,,72655,0.9915628433227539,1.0150532722473145,0.0,0.0,2.0,48.0,50.45351317872135,1000,54.0,0.0,54.0,54.0,54.0,54.0,0.0,32,69.71875,15.153482437133789,66.0,66.0,85.79999999999997,141.0,0.0
fwd_iat_min,46,0.006150671461633378,0.016365012731401785,0.016365012731401785,0.0,,72655,131944.59375,2952946.5,0.0,0.0,0.0,120000000.0,98.36349872685982,1000,0.0,0.0,0.0,0.0,0.0,0.0,100.0,32,0.0,0.0,0.0,0.0,0.0,0.0,100.0
min_seg_size_forward,47,0.003872866305186008,0.9945771110040603,0.9945771110040603,0.0,0.625,72655,31.977867126464844,7.9968581199646,0.0,32.0,40.0,40.0,0.005505471061867731,1000,20.0,0.0,20.0,20.0,20.0,20.0,0.0,32,20.0,0.0,20.0,20.0,20.0,20.0,0.0
flow_iat_min,48,0.003614935859593761,0.9986649232674971,0.9986649232674971,0.0,0.0,72655,107.22514343261719,10782.861328125,0.0,49.0,94.0,2226047.0,0.13350767325029247,1000,0.0,0.0,0.0,0.0,0.0,0.0,100.0,32,0.0,0.0,0.0,0.0,0.0,0.0,100.0
bwd_iat_mean,49,0.003509418725286454,0.004996214988644998,0.932503785011355,0.0,,72655,134571.9375,2955050.25,0.0,0.0,0.0,120000000.0,99.5003785011355,1000,0.0,0.0,0.0,0.0,0.0,0.0,100.0,32,0.0013725374592468143,0.0007024890510365367,0.0,0.001344375079497695,0.00242768747266382,0.0029062500689178705,6.25
urg_flag_count,50,0.002070000788314706,4.129103296401926e-05,4.129103296401926e-05,0.0,,72655,4.129103399463929e-05,0.006425721570849419,0.0,0.0,0.0,1.0,99.9958708967036,1000,0.0,0.0,0.0,0.0,0.0,0.0,100.0,32,0.0,0.0,0.0,0.0,0.0,0.0,100.0
bwd_iat_min,51,0.0019961488785581465,0.004996214988644998,0.932503785011355,0.0,,72655,133478.453125,2954458.75,0.0,0.0,0.0,120000000.0,99.5003785011355,1000,0.0,0.0,0.0,0.0,0.0,0.0,100.0,32,0.00016771875380072743,0.00014704886416438967,0.0,0.00013299999409355223,0.00045305000530788676,0.000754999986384064,6.25
bwd_iat_max,52,0.0011563754266246228,0.004996214988644998,0.932503785011355,0.0,,72655,137105.109375,2959799.25,0.0,0.0,0.0,120000000.0,99.5003785011355,1000,0.0,0.0,0.0,0.0,0.0,0.0,100.0,32,0.003638375084847212,0.0021957200951874256,0.0,0.0034920000471174717,0.0072323499014601104,0.008309000171720982,6.25
bwd_iat_total,53,0.0011058594174839001,0.004996214988644998,0.932503785011355,0.0,,72655,137197.625,2960262.25,0.0,0.0,0.0,120000000.0,99.5003785011355,1000,0.0,0.0,0.0,0.0,0.0,0.0,100.0,32,0.005531749688088894,0.0028172736056149006,0.0,0.005404000170528889,0.00971074989065528,0.011625000275671482,6.25
bwd_iat_std,54,0.001068237586149994,0.0013213130548482832,0.9361786869451517,0.0,,72655,1945.7198486328125,99760.0078125,0.0,0.0,0.0,18000000.0,99.86786869451517,1000,0.0,0.0,0.0,0.0,0.0,0.0,100.0,32,0.0013794292462989688,0.0008867392898537219,0.0,0.0012923383619636297,0.0029027957585640246,0.0032666828483343124,6.25
down_up_ratio,55,0.0003500629198723439,0.9869520335833735,0.9869520335833735,0.0,0.5,72655,0.987585186958313,0.11630629748106003,0.0,1.0,1.0,2.0,1.3047966416626522,1000,0.499833345413208,0.005270462483167648,0.3333333432674408,0.5,0.5,0.5,0.0,32,0.7819939851760864,0.20518383383750916,0.0,0.8333333134651184,0.8333333134651184,0.8571428656578064,6.25
active_min,56,0.0002175119719327458,0.0034546830913220195,0.0034546830913220195,0.0,,72655,113.55697631835938,15257.8466796875,0.0,0.0,0.0,2226047.0,99.6545316908678,1000,0.0,0.0,0.0,0.0,0.0,0.0,100.0,32,0.0,0.0,0.0,0.0,0.0,0.0,100.0
idle_max,57,0.00013199431133865296,0.0034546830913220195,0.0034546830913220195,0.0,,72655,137504.234375,2963127.0,0.0,0.0,0.0,120000000.0,99.6545316908678,1000,0.0,0.0,0.0,0.0,0.0,0.0,100.0,32,0.0,0.0,0.0,0.0,0.0,0.0,100.0
idle_min,58,0.00011578306159697398,0.0034546830913220195,0.0034546830913220195,0.0,,72655,137151.890625,2960415.25,0.0,0.0,0.0,120000000.0,99.6545316908678,1000,0.0,0.0,0.0,0.0,0.0,0.0,100.0,32,0.0,0.0,0.0,0.0,0.0,0.0,100.0
fin_flag_count,59,0.00010119931482582572,0.0,0.9375,0.0,,72655,0.0,0.0,0.0,0.0,0.0,0.0,100.0,1000,0.0,0.0,0.0,0.0,0.0,0.0,100.0,32,1.875,0.49186936020851135,0.0,2.0,2.0,2.0,6.25
idle_mean,60,8.63658921337028e-05,0.0034546830913220195,0.0034546830913220195,0.0,,72655,137212.453125,2960671.75,0.0,0.0,0.0,120000000.0,99.6545316908678,1000,0.0,0.0,0.0,0.0,0.0,0.0,100.0,32,0.0,0.0,0.0,0.0,0.0,0.0,100.0
active_mean,61,4.0432845598735986e-05,0.0034546830913220195,0.0034546830913220195,0.0,,72655,120.46491241455078,16188.6474609375,0.0,0.0,0.0,2368532.25,99.6545316908678,1000,0.0,0.0,0.0,0.0,0.0,0.0,100.0,32,0.0,0.0,0.0,0.0,0.0,0.0,100.0
active_std,62,3.5109450359216505e-05,2.7527355309309165e-05,2.7527355309309165e-05,0.0,,72655,6.696909427642822,1305.830078125,0.0,0.0,0.0,295817.90625,99.99724726446907,1000,0.0,0.0,0.0,0.0,0.0,0.0,100.0,32,0.0,0.0,0.0,0.0,0.0,0.0,100.0
fwd_psh_flags,63,3.303870419908219e-05,0.0,0.9375,0.0,,72655,0.0,0.0,0.0,0.0,0.0,0.0,100.0,1000,0.0,0.0,0.0,0.0,0.0,0.0,100.0,32,0.9375,0.24593468010425568,0.0,1.0,1.0,1.0,6.25
active_max,64,3.137845852975238e-05,0.0034546830913220195,0.0034546830913220195,0.0,,72655,132.02017211914062,17841.287109375,0.0,0.0,0.0,2686269.0,99.6545316908678,1000,0.0,0.0,0.0,0.0,0.0,0.0,100.0,32,0.0,0.0,0.0,0.0,0.0,0.0,100.0
idle_std,65,8.735278671750733e-06,2.7527355309309165e-05,2.7527355309309165e-05,0.0,,72655,130.74246215820312,34181.328125,0.0,0.0,0.0,9208869.0,99.99724726446907,1000,0.0,0.0,0.0,0.0,0.0,0.0,100.0,32,0.0,0.0,0.0,0.0,0.0,0.0,100.0
syn_flag_count,66,2.5558903877989015e-06,1.0,0.9375,100.0,,72655,0.0,0.0,0.0,0.0,0.0,0.0,100.0,1000,2.000999927520752,0.03162277862429619,2.0,2.0,2.0,3.0,0.0,32,2.8125,0.7378040552139282,0.0,3.0,3.0,3.0,6.25
fwd_urg_flags,67,1.2768897711935716e-07,0.0,0.0,0.0,,72655,0.0,0.0,0.0,0.0,0.0,0.0,100.0,1000,0.0,0.0,0.0,0.0,0.0,0.0,100.0,32,0.0,0.0,0.0,0.0,0.0,0.0,100.0
cwe_flag_count,68,3.276849002952574e-08,0.0,0.0,0.0,,72655,0.0,0.0,0.0,0.0,0.0,0.0,100.0,1000,0.0,0.0,0.0,0.0,0.0,0.0,100.0,32,0.0,0.0,0.0,0.0,0.0,0.0,100.0
ece_flag_count,69,4.1609497941481444e-18,0.0,0.0,0.0,,72655,0.0,0.0,0.0,0.0,0.0,0.0,100.0,1000,0.0,0.0,0.0,0.0,0.0,0.0,100.0,32,0.0,0.0,0.0,0.0,0.0,0.0,100.0
rst_flag_count,70,7.223686163344333e-19,1.0,0.0,100.0,,72655,0.0,0.0,0.0,0.0,0.0,0.0,100.0,1000,1.0,0.0,1.0,1.0,1.0,1.0,0.0,32,0.0,0.0,0.0,0.0,0.0,0.0,100.0
bwd_urg_flags,71,0.0,0.0,0.0,0.0,,72655,0.0,0.0,0.0,0.0,0.0,0.0,100.0,1000,0.0,0.0,0.0,0.0,0.0,0.0,100.0,32,0.0,0.0,0.0,0.0,0.0,0.0,100.0
bwd_avg_bytes_bulk,72,0.0,0.0,0.0,0.0,,72655,0.0,0.0,0.0,0.0,0.0,0.0,100.0,1000,0.0,0.0,0.0,0.0,0.0,0.0,100.0,32,0.0,0.0,0.0,0.0,0.0,0.0,100.0
bwd_psh_flags,73,0.0,0.0,0.9375,0.0,,72655,0.0,0.0,0.0,0.0,0.0,0.0,100.0,1000,0.0,0.0,0.0,0.0,0.0,0.0,100.0,32,1.875,0.49186936020851135,0.0,2.0,2.0,2.0,6.25
fwd_avg_bytes_bulk,74,0.0,0.0,0.0,0.0,,72655,0.0,0.0,0.0,0.0,0.0,0.0,100.0,1000,0.0,0.0,0.0,0.0,0.0,0.0,100.0,32,0.0,0.0,0.0,0.0,0.0,0.0,100.0
fwd_avg_packets_bulk,75,0.0,0.0,0.0,0.0,,72655,0.0,0.0,0.0,0.0,0.0,0.0,100.0,1000,0.0,0.0,0.0,0.0,0.0,0.0,100.0,32,0.0,0.0,0.0,0.0,0.0,0.0,100.0
fwd_avg_bulk_rate,76,0.0,0.0,0.0,0.0,,72655,0.0,0.0,0.0,0.0,0.0,0.0,100.0,1000,0.0,0.0,0.0,0.0,0.0,0.0,100.0,32,0.0,0.0,0.0,0.0,0.0,0.0,100.0
bwd_avg_bulk_rate,77,0.0,0.0,0.0,0.0,,72655,0.0,0.0,0.0,0.0,0.0,0.0,100.0,1000,0.0,0.0,0.0,0.0,0.0,0.0,100.0,32,0.0,0.0,0.0,0.0,0.0,0.0,100.0
bwd_avg_packets_bulk,78,0.0,0.0,0.0,0.0,,72655,0.0,0.0,0.0,0.0,0.0,0.0,100.0,1000,0.0,0.0,0.0,0.0,0.0,0.0,100.0,32,0.0,0.0,0.0,0.0,0.0,0.0,100.0
