scenario,reference_label,feature_index,feature,lab_row_count,reference_row_count,lab_finite_count,reference_finite_count,lab_mean,reference_mean,lab_median,reference_median,lab_std,reference_std,lab_min,reference_min,lab_max,reference_max,ks_statistic,feature_importance,importance_times_ks
Normal,BENIGN,0,destination_port,61,2273097,61,2273097,7947.540983606557,9419.545171631478,8080.0,80.0,1026.023129093637,19755.12906730266,0.0,0.0,8080.0,65535.0,0.7960637468414671,0.008107063223032228,0.006453739125207695
Normal,BENIGN,1,flow_duration,61,2273097,61,2273097,91596.6393442623,11220820.773615908,2132.0,30996.0,687823.1977271064,30123148.73903182,0.0,-13.0,5419403.0,120000000.0,0.5684139809053896,0.02328676178459756,0.013236520968378594
Normal,BENIGN,2,total_fwd_packets,61,2273097,61,2273097,2.5081967213114753,10.654173139113729,2.0,2.0,0.5317139259090772,836.5354387788631,2.0,1.0,4.0,219759.0,0.25090487328701694,0.029684341887607796,0.007447946039918723
Normal,BENIGN,3,total_backward_packets,61,2273097,61,2273097,1.9836065573770492,12.13863640662937,0.0,2.0,2.020321377443134,1112.9889787025993,0.0,0.0,5.0,291922.0,0.36260152673772866,0.010060785405143801,0.0036480561480858003
Normal,BENIGN,4,total_length_of_fwd_packets,61,2273097,61,2273097,40.32786885245902,635.536885579454,0.0,66.0,40.99449035810185,10634.086512556196,0.0,0.0,82.0,12900000.0,0.3832049402203249,0.05865668757115486,0.02247753245422667
Normal,BENIGN,5,total_length_of_bwd_packets,61,2273097,61,2273097,104.75409836065573,18848.70715679973,0.0,130.0,106.48568836921577,2525409.6973058935,0.0,0.0,213.0,655453056.0,0.3502582599862655,0.012056970617397567,0.0042230535491552005
Normal,BENIGN,6,fwd_packet_length_max,61,2273097,61,2273097,40.32786885245902,230.3861621391432,0.0,40.0,40.99449035810185,791.3699753997338,0.0,0.0,82.0,24820.0,0.3805704035608471,0.05360605315036437,0.020400877280738385
Normal,BENIGN,7,fwd_packet_length_min,61,2273097,61,2273097,0.0,22.793373973921923,0.0,6.0,0.0,63.36967114123094,0.0,0.0,0.0,2325.0,0.6059543433474243,0.007840488095608292,0.004750977815497619
Normal,BENIGN,8,fwd_packet_length_mean,61,2273097,61,2273097,13.330601395153609,66.39606418079384,0.0,37.0,13.578232509621138,204.2561358563269,0.0,0.0,27.33333396911621,4672.0,0.6488486852958761,0.06979307622461878,0.045285145751098765
Normal,BENIGN,9,fwd_packet_length_std,61,2273097,61,2273097,23.179327730272636,74.5563073411966,0.0,0.0,23.576007622061393,311.27555747945087,0.0,0.0,47.34272384643555,7125.5966796875,0.2672638067698163,0.00810793022505172,0.002166956296971376
Normal,BENIGN,10,bwd_packet_length_max,61,2273097,61,2273097,90.98360655737704,396.5347871208312,0.0,83.0,92.48756971035174,812.6815291148245,0.0,0.0,185.0,19530.0,0.25944314854269346,0.014440276938808012,0.003746430914832798
Normal,BENIGN,11,bwd_packet_length_min,61,2273097,61,2273097,0.0,50.662469309492735,0.0,6.0,0.0,73.38252186884485,0.0,0.0,0.0,2896.0,0.5423032980994652,0.011785350065507192,0.006391234209781298
Normal,BENIGN,12,bwd_packet_length_mean,61,2273097,61,2273097,26.0139344012151,160.79668115099778,0.0,77.0,26.4779093217566,283.57817271625237,0.0,0.0,53.25,3787.339599609375,0.58529002501873,0.022059569375214978,0.012911245911521983
Normal,BENIGN,13,bwd_packet_length_std,61,2273097,61,2273097,43.54573196661277,123.1259516706078,0.0,0.0,44.27786707833851,275.27035298348693,0.0,0.0,88.81957244873047,4113.240234375,0.2906930752964124,0.008604750670916463,0.0025013414346875744
Normal,BENIGN,14,flow_bytes_s,61,2273097,56,2271320,38209.652064732145,1779841.5571997701,34476.9794921875,5149.7724609375,44962.62980266946,28143716.74931702,0.0,-261000000.0,162534.4375,2071000064.0,0.3417393535791648,0.012539916546462302,0.0042853829745246996
Normal,BENIGN,15,flow_packets_s,61,2273097,56,2271320,5703.397015623216,64778.594736762614,2388.1856689453125,122.52649688720703,6660.852801706647,239219.50616719667,0.36904433369636536,-2000000.0,27397.259765625,4000000.0,0.5730318556107084,0.01875389301585683,0.010746578114801142
Normal,BENIGN,16,flow_iat_mean,61,2273097,61,2273097,89441.55190939982,908848.3265776385,401.0,10575.0,688095.2797380692,4117433.174282386,0.0,-13.0,5419403.0,120000000.0,0.5714015348901074,0.012114044474693029,0.006921983606566621
Normal,BENIGN,17,flow_iat_std,61,2273097,61,2273097,731.7437944255892,1577395.3341926166,0.0,109.30233001708984,922.8494805050576,5868028.597321789,0.0,0.0,3234.63623046875,84800264.0,0.4454869281865226,0.01466029036765193,0.006530967722207724
Normal,BENIGN,18,flow_iat_max,61,2273097,61,2273097,90892.88524590163,4473837.453812574,1303.0,30667.0,687911.3493343598,14501389.434740009,0.0,-13.0,5419403.0,120000000.0,0.5705819482204668,0.029210397904237996,0.016666925744495156
Normal,BENIGN,19,flow_iat_min,61,2273097,61,2273097,89022.4262295082,147532.11733111256,25.0,4.0,688149.3078115318,2688957.2559768152,0.0,-14.0,5419403.0,120000000.0,0.32784989226477224,0.003614935859593761,0.0011851563321118763
Normal,BENIGN,20,fwd_iat_total,61,2273097,61,2273097,89761.72131147541,10899688.753730264,627.0,4.0,688054.9663835155,29992843.54389736,0.0,0.0,5419403.0,120000000.0,0.5252426859788614,0.024036633694432163,0.01262506604355355
Normal,BENIGN,21,fwd_iat_mean,61,2273097,61,2273097,89371.8606557377,1900297.581616442,320.5,4.0,688104.3754658139,9289435.579811798,0.0,0.0,5419403.0,120000000.0,0.5267617588560857,0.017277657399376176,0.009101209200608258
Normal,BENIGN,22,fwd_iat_std,61,2273097,61,2273097,398.34467153080175,1248621.2196599396,0.0,0.0,725.8823085179924,4660671.335386994,0.0,0.0,3165.010009765625,84602928.0,0.2951827396719102,0.018535205817935253,0.005471272833720857
Normal,BENIGN,23,fwd_iat_max,61,2273097,61,2273097,89674.14754098361,4321197.293295886,492.0,4.0,688066.0237590108,14586850.63232285,0.0,0.0,5419403.0,120000000.0,0.5257217680417914,0.012043056920517735,0.006331297176882515
Normal,BENIGN,24,fwd_iat_min,61,2273097,61,2273097,89092.0655737705,1139994.3833760724,162.0,3.0,688140.3195781918,8985258.053528953,0.0,0.0,5419403.0,120000000.0,0.5635340711625492,0.006150671461633378,0.0034661129291575646
Normal,BENIGN,25,bwd_iat_total,61,2273097,61,2273097,2401.3606557377047,10163554.913290545,0.0,3.0,2911.032682702739,29171524.948917706,0.0,0.0,10906.0,120000000.0,0.26042883343737644,0.0011058594174839001,0.0002879976780410688
Normal,BENIGN,26,bwd_iat_mean,61,2273097,61,2273097,792.0109342981557,1782199.4395944932,0.0,3.0,961.5491935425703,9206794.185190719,0.0,0.0,3635.333251953125,120000000.0,0.2574421593095235,0.003509418725286454,0.0009034723345590202
Normal,BENIGN,27,bwd_iat_std,61,2273097,61,2273097,954.9312328901448,992756.7321464377,0.0,0.0,1245.2598964747258,4160578.8232494327,0.0,0.0,4365.22802734375,84418016.0,0.25556478996586995,0.001068237586149994,0.00027300391433807115
Normal,BENIGN,28,bwd_iat_max,61,2273097,61,2273097,1875.3934426229507,3746856.386610426,0.0,3.0,2382.983089025173,13781958.838891441,0.0,0.0,8309.0,120000000.0,0.2607979333921957,0.0011563754266246228,0.0003015803214892203
Normal,BENIGN,29,bwd_iat_min,61,2273097,61,2273097,87.98360655737704,1119435.8785212422,0.0,2.0,134.18014460666257,8913821.482169965,0.0,0.0,755.0,120000000.0,0.38714782403788717,0.0019961488785581465,0.0007728046947894551
Normal,BENIGN,30,fwd_psh_flags,61,2273097,61,2273097,0.0,0.054886351088404936,0.0,0.0,0.0,0.22775829195136954,0.0,0.0,0.0,1.0,0.054886351088404894,3.303870419908219e-05,1.813373918176782e-06
Normal,BENIGN,31,bwd_psh_flags,61,2273097,61,2273097,0.0,0.0,0.0,0.0,0.0,0.0,0.0,0.0,0.0,0.0,0.0,0.0,0.0
Normal,BENIGN,32,fwd_urg_flags,61,2273097,61,2273097,0.0,0.00013857745621942224,0.0,0.0,0.0,0.011771076947673481,0.0,0.0,0.0,1.0,0.00013857745621936868,1.2768897711935716e-07,1.7694813636453684e-11
Normal,BENIGN,33,bwd_urg_flags,61,2273097,61,2273097,0.0,0.0,0.0,0.0,0.0,0.0,0.0,0.0,0.0,0.0,0.0,0.0,0.0
Normal,BENIGN,34,fwd_header_length,61,2273097,61,2273097,83.14754098360656,-32404.368960497508,64.0,64.0,23.37003550547172,23493738.600883283,0.0,-32212234240.0,136.0,4644908.0,0.4734409111243815,0.011315397571790769,0.005357172136123236
Normal,BENIGN,35,bwd_header_length,61,2273097,61,2273097,67.40983606557377,-2854.529833526682,0.0,40.0,68.6424275071292,1620578.6805026776,0.0,-1073741312.0,168.0,5838440.0,0.3625350975444298,0.010368096232830675,0.003758798779119304
Normal,BENIGN,36,fwd_packets_s,61,2273097,61,2273097,4757.651656276378,58431.637539625786,992.7200317382812,63.787715911865234,6817.471050794314,231907.88691937434,0.0,0.0,27397.259765625,3000000.0,0.48768692604169117,0.011131896346437568,0.00542888031020887
Normal,BENIGN,37,bwd_packets_s,61,2273097,61,2273097,478.2538081935195,6393.534895350331,0.0,25.407569885253906,602.2438547620047,37971.29775949184,0.0,0.0,2203.856689453125,2000000.0,0.36217787565728643,0.026529619849240283,0.009608441358993225
Normal,BENIGN,38,min_packet_length,61,2273097,61,2273097,0.0,20.224150135255996,0.0,6.0,0.0,26.53376397222061,0.0,0.0,0.0,1448.0,0.5984535635742778,0.007063370336737162,0.004227099148865201
Normal,BENIGN,39,max_packet_length,61,2273097,61,2273097,90.98360655737704,494.2663480704959,0.0,90.0,92.48756971035174,1074.1077290752685,0.0,0.0,185.0,24820.0,0.385603624756423,0.01552659662705139,0.005987111939521867
Normal,BENIGN,40,packet_length_mean,61,2273097,61,2273097,18.014344262295083,109.29283968833097,0.0,58.599998474121094,18.33564144258367,186.86049788514717,0.0,0.0,36.875,3337.142822265625,0.6561431386342069,0.030767526345343982,0.02018790130424465
Normal,BENIGN,41,packet_length_std,61,2273097,61,2273097,32.556333135385984,147.8188222721825,0.0,27.386127471923828,33.10257333237524,306.53652550487425,0.0,0.0,66.39156341552734,4731.5224609375,0.296038400473011,0.01800290551455784,0.005329551352396452
Normal,BENIGN,42,packet_length_variance,61,2273097,61,2273097,2155.6950323386272,115813.20546100453,0.0,750.0,2193.296078190134,579317.4420527238,0.0,0.0,4407.83935546875,22400000.0,0.296038400473011,0.01434066995084838,0.004245388993960528
Normal,BENIGN,43,fin_flag_count,61,2273097,61,2273097,0.0,0.01811977227544623,0.0,0.0,0.0,0.13338457979891155,0.0,0.0,0.0,1.0,0.018119772275446255,0.00010119931482582572,1.8337085390751541e-06
Normal,BENIGN,44,syn_flag_count,61,2273097,61,2273097,0.0,0.054886351088404936,0.0,0.0,0.0,0.22775829195136954,0.0,0.0,0.0,1.0,0.054886351088404894,2.5558903877989015e-06,1.4028349716820985e-07
Normal,BENIGN,45,rst_flag_count,61,2273097,61,2273097,0.0,0.00030179090465563065,0.0,0.0,0.0,0.017369508539549924,0.0,0.0,0.0,1.0,0.00030179090465565217,7.223686163344333e-19,2.1800427821842034e-22
Normal,BENIGN,46,psh_flag_count,61,2273097,61,2273097,0.4918032786885246,0.25800834720207716,0.0,0.0,0.49993280924514444,0.4375386154114052,0.0,0.0,1.0,1.0,0.23379493148644737,0.01536206993729795,0.003591574088480587
Normal,BENIGN,47,ack_flag_count,61,2273097,61,2273097,0.4918032786885246,0.28694244020382764,0.0,0.0,0.49993280924514444,0.4523344738284939,0.0,0.0,1.0,1.0,0.20486083848469694,0.009080991340514481,0.0018603395002900686
Normal,BENIGN,48,urg_flag_count,61,2273097,61,2273097,0.0,0.11596161536441252,0.0,0.0,0.0,0.32017888613474904,0.0,0.0,0.0,1.0,0.11596161536441252,0.002070000788314706,0.00024004063521858063
Normal,BENIGN,49,cwe_flag_count,61,2273097,61,2273097,0.0,0.00013857745621942224,0.0,0.0,0.0,0.011771076947673481,0.0,0.0,0.0,1.0,0.00013857745621936868,3.276849002952574e-08,4.540973992441422e-12
Normal,BENIGN,50,ece_flag_count,61,2273097,61,2273097,0.0,0.00030311068995295847,0.0,0.0,0.0,0.017407435591223503,0.0,0.0,0.0,1.0,0.00030311068995292345,4.1609497941481444e-18,1.2612283629637189e-21
Normal,BENIGN,51,down_up_ratio,61,2273097,61,2273097,0.4918032786885246,0.7009991214629204,0.0,1.0,0.49993280924514444,0.6992637164873919,0.0,0.0,1.0,156.0,0.15578589150526828,0.0003500629198723439,5.453486405525039e-05
Normal,BENIGN,52,average_packet_size,61,2273097,61,2273097,20.572469179747536,124.09232788950504,0.0,74.25,20.945736879552747,196.75782055197035,0.0,0.0,42.14285659790039,3893.333251953125,0.6586216954225886,0.057730422247653464,0.038022508578211454
Normal,BENIGN,53,avg_fwd_segment_size,61,2273097,61,2273097,13.330601395153609,66.39606418079384,0.0,37.0,13.578232509621138,204.2561358563269,0.0,0.0,27.33333396911621,4672.0,0.6488486852958761,0.05618528138697351,0.03645574596091662
Normal,BENIGN,54,avg_bwd_segment_size,61,2273097,61,2273097,26.0139344012151,160.79668115099778,0.0,77.0,26.4779093217566,283.57817271625237,0.0,0.0,53.25,3787.339599609375,0.58529002501873,0.01879072288663072,0.010998022668436115
Normal,BENIGN,55,fwd_header_length.1,61,2273097,61,2273097,83.14754098360656,-32404.368960497508,64.0,64.0,23.37003550547172,23493738.600883283,0.0,-32212234240.0,136.0,4644908.0,0.4734409111243815,0.01588471724128783,0.007520475003668483
Normal,BENIGN,56,fwd_avg_bytes_bulk,61,2273097,61,2273097,0.0,0.0,0.0,0.0,0.0,0.0,0.0,0.0,0.0,0.0,0.0,0.0,0.0
Normal,BENIGN,57,fwd_avg_packets_bulk,61,2273097,61,2273097,0.0,0.0,0.0,0.0,0.0,0.0,0.0,0.0,0.0,0.0,0.0,0.0,0.0
Normal,BENIGN,58,fwd_avg_bulk_rate,61,2273097,61,2273097,0.0,0.0,0.0,0.0,0.0,0.0,0.0,0.0,0.0,0.0,0.0,0.0,0.0
Normal,BENIGN,59,bwd_avg_bytes_bulk,61,2273097,61,2273097,0.0,0.0,0.0,0.0,0.0,0.0,0.0,0.0,0.0,0.0,0.0,0.0,0.0
Normal,BENIGN,60,bwd_avg_packets_bulk,61,2273097,61,2273097,0.0,0.0,0.0,0.0,0.0,0.0,0.0,0.0,0.0,0.0,0.0,0.0,0.0
Normal,BENIGN,61,bwd_avg_bulk_rate,61,2273097,61,2273097,0.0,0.0,0.0,0.0,0.0,0.0,0.0,0.0,0.0,0.0,0.0,0.0,0.0
Normal,BENIGN,62,subflow_fwd_packets,61,2273097,61,2273097,2.5081967213114753,10.654173139113729,2.0,2.0,0.5317139259090772,836.5354387788631,2.0,1.0,4.0,219759.0,0.25090487328701694,0.03381752229780614,0.008484981147011919
Normal,BENIGN,63,subflow_fwd_bytes,61,2273097,61,2273097,40.32786885245902,635.5238364222909,0.0,66.0,40.99449035810185,10618.264046071381,0.0,0.0,82.0,12870338.0,0.3832049402203249,0.056398301348612644,0.02161210769682298
Normal,BENIGN,64,subflow_bwd_packets,61,2273097,61,2273097,1.9836065573770492,12.13863640662937,0.0,2.0,2.020321377443134,1112.9889787025993,0.0,0.0,5.0,291922.0,0.36260152673772866,0.009650561398480676,0.0034993082969652827
Normal,BENIGN,65,subflow_bwd_bytes,61,2273097,61,2273097,104.75409836065573,18848.28363461832,0.0,130.0,106.48568836921577,2525375.357753207,0.0,0.0,213.0,655453056.0,0.3502582599862655,0.01113357693285563,0.0038996272839252354
Normal,BENIGN,66,init_win_bytes_forward,61,2273097,61,2273097,31655.39344262295,6891.551141020379,126.0,118.0,32054.744235079317,14922.887498724851,-1.0,-1.0,64240.0,65535.0,0.4996808824058535,0.019757021684254198,0.009872206028899719
Normal,BENIGN,67,init_win_bytes_backward,61,2273097,61,2273097,124.90163934426229,2404.6474695096604,-1.0,-1.0,127.98279916675698,9322.158869764009,-1.0,-1.0,255.0,65535.0,0.2727950269509173,0.008990394223922348,0.002452534834614268
Normal,BENIGN,68,act_data_pkt_fwd,61,2273097,61,2273097,0.4918032786885246,6.361345336340684,0.0,1.0,0.49993280924514444,710.1770158136104,0.0,0.0,1.0,213557.0,0.27778049066977784,0.019212293916940678,0.00533680043113977
Normal,BENIGN,69,min_seg_size_forward,61,2273097,61,2273097,31.475409836065573,-3421.0178065432315,32.0,20.0,4.063457937004503,1210782.9543896737,0.0,-536870656.0,32.0,138.0,0.5281970433967834,0.003872866305186008,0.002045636531870274
Normal,BENIGN,70,active_mean,61,2273097,61,2273097,0.0,76396.79118590479,0.0,0.0,0.0,638349.8781369465,0.0,0.0,0.0,110000000.0,0.15725857717466518,4.0432845598735986e-05,6.358411769980145e-06
Normal,BENIGN,71,active_std,61,2273097,61,2273097,0.0,46476.16764638142,0.0,0.0,0.0,407751.553165026,0.0,0.0,0.0,74200000.0,0.08947440430390785,3.5109450359216505e-05,3.1413971563285204e-06
Normal,BENIGN,72,active_max,61,2273097,61,2273097,0.0,162249.8752926074,0.0,0.0,0.0,1074297.498450876,0.0,0.0,0.0,110000000.0,0.15725857717466518,3.137845852975238e-05,4.934531742323096e-06
Normal,BENIGN,73,active_min,61,2273097,61,2273097,0.0,50873.65984469646,0.0,0.0,0.0,558333.4267222558,0.0,0.0,0.0,110000000.0,0.15725857717466518,0.0002175119719327458,3.420562322459931e-05
Normal,BENIGN,74,idle_mean,61,2273097,61,2273097,88842.67213114754,3745967.3299736,0.0,0.0,688172.3791930005,13491297.557927512,0.0,0.0,5419403.0,120000000.0,0.14715342108145846,8.63658921337028e-05,1.2709036492226589e-05
Normal,BENIGN,75,idle_std,61,2273097,61,2273097,0.0,260370.86568699928,0.0,0.0,0.0,2974646.4060854954,0.0,0.0,0.0,76900000.0,0.09198507586785787,8.735278671750733e-06,8.035152713478719e-07
Normal,BENIGN,76,idle_max,61,2273097,61,2273097,88842.67213114754,3937925.213750667,0.0,0.0,688172.3791930005,14110892.577198433,0.0,0.0,5419403.0,120000000.0,0.14717585743151307,0.00013199431133865296,1.9426375947348336e-05
Normal,BENIGN,77,idle_min,61,2273097,61,2273097,88842.67213114754,3515160.918515576,0.0,0.0,688172.3791930005,13199369.076756928,0.0,0.0,5419403.0,120000000.0,0.1413996475971322,0.00011578306159697398,1.637168410752917e-05
DDoS,DDoS,0,destination_port,10226,128027,10226,128027,9712.939761392528,81.22738172416756,8080.0,80.0,7900.861384367563,267.40881821889565,0.0,80.0,60982.0,64873.0,0.9998787774956116,0.008107063223032228,0.008106080464525097
DDoS,DDoS,1,flow_duration,10226,128027,10226,128027,227545.51496186192,16955591.773594633,607.5,1878978.0,3285018.0462388783,31012493.825237677,0.0,0.0,61221028.0,103941560.0,0.9471334103717924,0.02328676178459756,0.022055670105561413
DDoS,DDoS,2,total_fwd_packets,10226,128027,10226,128027,3.100430275767651,4.47243940731252,3.0,4.0,0.6233806015724596,1.8977994207465179,1.0,1.0,9.0,11.0,0.4436837213637145,0.029684341887607796,0.013170459274926615
DDoS,DDoS,3,total_backward_packets,10226,128027,10226,128027,2.018482300019558,3.2558210377498495,1.0,4.0,2.0296912745026825,2.554281319910143,0.0,0.0,6.0,8.0,0.4194859725546446,0.010060785405143801,0.004220358350340321
DDoS,DDoS,4,total_length_of_fwd_packets,10226,128027,10226,128027,72.92949344807354,31.908597405234833,0.0,26.0,153.6115653919861,11.957030555148377,0.0,6.0,769.0,74.0,0.5012712693135146,0.05865668757115486,0.029402912232519052
DDoS,DDoS,5,total_length_of_bwd_packets,10226,128027,10226,128027,354.62732251124584,7373.6349988674265,0.0,11601.0,380.06293532255097,5584.637638610944,0.0,0.0,769.0,11613.0,0.6358033852234295,0.012056970617397567,0.007665862734080796
DDoS,DDoS,6,fwd_packet_length_max,10226,128027,10226,128027,65.24779972618815,14.897638779319987,0.0,20.0,122.80599555418199,6.737875560087241,0.0,6.0,614.0,20.0,0.5012712693135146,0.05360605315036437,0.026871174305570875
DDoS,DDoS,7,fwd_packet_length_min,10226,128027,10226,128027,0.0,2.1850390933162536,0.0,0.0,0.0,2.887185259136865,0.0,0.0,0.0,6.0,0.36417318221937556,0.007840488095608292,0.0028552954999308032
DDoS,DDoS,8,fwd_packet_length_mean,10226,128027,10226,128027,19.202807855820577,7.401261680123043,0.0,7.0,31.132567926985185,1.2373236965756136,0.0,3.0,153.8000030517578,10.0,0.5012712693135146,0.06979307622461878,0.03498526390840953
DDoS,DDoS,9,fwd_packet_length_std,10226,128027,10226,128027,33.44568902919746,5.721985934541903,0.0,5.656854152679443,54.077256319992614,4.672038408933821,0.0,0.0,265.8706359863281,14.142135620117188,0.4987287306864854,0.00810793022505172,0.004043657749634634
DDoS,DDoS,10,bwd_packet_length_max,10226,128027,10226,128027,283.86231175435165,4604.362040819515,0.0,5755.0,302.97018714446517,3966.326276967445,0.0,0.0,614.0,11595.0,0.6358033852234295,0.014440276938808012,0.009181176961257956
DDoS,DDoS,11,bwd_packet_length_min,10226,128027,10226,128027,0.0,0.5920548009404266,0.0,0.0,0.0,28.26728699111476,0.0,0.0,0.0,1460.0,0.002327634014700042,0.011785350065507192,2.7431981687621905e-05
DDoS,DDoS,12,bwd_packet_length_mean,10226,128027,10226,128027,86.95389869211705,1481.0264721382014,0.0,1934.5,93.04864712448806,1164.8685888801251,0.0,0.0,192.25,5800.5,0.6358033852234295,0.022059569375214978,0.014025548885332776
DDoS,DDoS,13,bwd_packet_length_std,10226,128027,10226,128027,133.39081944175226,2102.589196636258,0.0,2189.77294921875,141.84747497290036,1869.378314364097,0.0,0.0,290.5057373046875,8194.66015625,0.63538159919392,0.008604750670916463,0.005467300241951858
DDoS,DDoS,14,flow_bytes_s,10226,128027,7875,128025,314912.7716669898,61117.88415600959,350697.28125,160.10130310058594,307770.78895689105,1471889.5167467818,0.0,0.22121809422969818,1796218.5,347000000.0,0.4947980026222557,0.012539916546462302,0.006204725660239322
DDoS,DDoS,15,flow_packets_s,10226,128027,7875,128025,67503.1640590804,172.78859504644572,5339.435546875,2.589675188064575,366711.4423706964,9961.470616216315,0.13067404925823212,0.036869682371616364,3000000.0,2000000.0,0.9316559823695149,0.01875389301585683,0.017472176620940878
DDoS,DDoS,16,flow_iat_mean,10226,128027,10226,128027,31880.74895566153,1881524.2819472072,147.08333587646484,489279.25,459118.2626366421,2560298.705178619,0.0,0.0,8745861.0,44200000.0,0.9468950250814292,0.012114044474693029,0.011470728446702005
DDoS,DDoS,17,flow_iat_std,10226,128027,10226,128027,83188.15306981279,5111861.4965464985,191.6307144165039,932072.375,1225237.2538600797,8084458.075673907,0.0,0.0,23138732.0,57500000.0,0.9462898383127736,0.01466029036765193,0.013872883801623655
DDoS,DDoS,18,flow_iat_max,10226,128027,10226,128027,222729.82212008606,15837816.18967093,374.5,1876545.0,3282903.23986021,28667527.576555416,0.0,0.0,61219576.0,101000000.0,0.9465279150187081,0.029210397904237996,0.027648457025165232
DDoS,DDoS,19,flow_iat_min,10226,128027,10226,128027,68.56033639741834,2442.3957055933515,0.0,4.0,6413.846763710399,199343.69647848228,0.0,-12.0,648621.0,44200000.0,0.74162178648597,0.003614935859593761,0.0026809151902241206
DDoS,DDoS,20,fwd_iat_total,10226,128027,10226,128027,226762.64942303931,16516699.42709741,178.0,1763967.0,3284950.8709605904,30924271.375205886,0.0,0.0,61221028.0,103000000.0,0.8722617300507053,0.024036633694432163,0.020966235690900475
DDoS,DDoS,21,fwd_iat_mean,10226,128027,10226,128027,55870.807418107004,2654833.0923403655,92.0,490461.0,806580.0982341715,4298193.372146986,0.0,0.0,15305257.0,44200000.0,0.8704865064652845,0.017277657399376176,0.01503996762948704
DDoS,DDoS,22,fwd_iat_std,10226,128027,10226,128027,109707.05312238268,6134266.733284189,94.75231170654297,932318.6875,1624774.2158519267,10631909.489811419,0.0,0.0,30609592.0,57500000.0,0.8449918842371608,0.018535205817935253,0.015662098488820695
DDoS,DDoS,23,fwd_iat_max,10226,128027,10226,128027,222435.33062781146,15526931.428526795,167.0,1762008.0,3283002.1140697645,28830428.860866573,0.0,0.0,61219644.0,101000000.0,0.8727357714924117,0.012043056920517735,0.010510406572655073
DDoS,DDoS,24,fwd_iat_min,10226,128027,10226,128027,459.9775083121455,2647.938223968382,0.0,8.0,27496.03564614258,199358.1963812695,0.0,-12.0,1918310.0,44200000.0,0.7201464351965496,0.006150671461633378,0.004429384127160429
DDoS,DDoS,25,bwd_iat_total,10226,128027,10226,128027,6810.444064150205,443915.09831519914,0.0,74700.0,101904.96352942749,588465.1669129648,0.0,0.0,3290204.0,6171904.0,0.6269975649679105,0.0011058594174839001,0.0006933711619592373
DDoS,DDoS,26,bwd_iat_mean,10226,128027,10226,128027,2291.8261020107557,111819.65732250991,0.0,19062.333984375,37919.09704349209,153092.14065852042,0.0,0.0,1985515.0,1542459.75,0.6261802508467851,0.003509418725286454,0.0021975286977262763
DDoS,DDoS,27,bwd_iat_std,10226,128027,10226,128027,3450.605143884775,218693.13098993764,0.0,33256.78515625,54962.14334824489,294709.7309731062,0.0,0.0,1895031.875,3078935.5,0.6258600058984539,0.001068237586149994,0.0006685671819687854
DDoS,DDoS,28,bwd_iat_max,10226,128027,10226,128027,6413.335028359084,439508.3506057316,0.0,67471.0,98675.54114805625,586867.7490069931,0.0,0.0,3284032.0,6161828.0,0.6262827176812495,0.0011563754266246228,0.0007242179448462831
DDoS,DDoS,29,bwd_iat_min,10226,128027,10226,128027,214.098572266771,78.57347278308482,0.0,4.0,19633.41596290982,696.0934449177711,0.0,0.0,1985515.0,38006.0,0.1663940279954913,0.0019961488785581465,0.00033214725238197277
DDoS,DDoS,30,fwd_psh_flags,10226,128027,10226,128027,0.0,0.0,0.0,0.0,0.0,0.0,0.0,0.0,0.0,0.0,0.0,3.303870419908219e-05,0.0
DDoS,DDoS,31,bwd_psh_flags,10226,128027,10226,128027,0.0,0.0,0.0,0.0,0.0,0.0,0.0,0.0,0.0,0.0,0.0,0.0,0.0
DDoS,DDoS,32,fwd_urg_flags,10226,128027,10226,128027,0.0,0.0,0.0,0.0,0.0,0.0,0.0,0.0,0.0,0.0,0.0,1.2768897711935716e-07,0.0
DDoS,DDoS,33,bwd_urg_flags,10226,128027,10226,128027,0.0,0.0,0.0,0.0,0.0,0.0,0.0,0.0,0.0,0.0,0.0,0.0,0.0
DDoS,DDoS,34,fwd_header_length,10226,128027,10226,128027,103.24115000977899,97.09614378217096,104.0,80.0,21.85555975677619,38.29094461552698,0.0,20.0,304.0,232.0,0.5780857353286845,0.011315397571790769,0.006541269925825077
DDoS,DDoS,35,bwd_header_length,10226,128027,10226,128027,68.59612751809114,72.72750279237974,40.0,92.0,68.90266010959901,56.671893689305634,0.0,0.0,208.0,172.0,0.43824786228786194,0.010368096232830675,0.004543796010032878
DDoS,DDoS,36,fwd_packets_s,10226,128027,10226,128027,48859.91987659627,102.13749954984291,1824.8175048828125,1.6728869676589966,319944.14344236284,6338.41569851527,0.0,0.0,3000000.0,1500000.0,0.7171901902580504,0.011131896346437568,0.007983686858634455
DDoS,DDoS,37,bwd_packets_s,10226,128027,10226,128027,3123.9855575938705,70.64839627574932,3.1000157594680786,0.07294940203428268,27630.256739934346,3914.591988364496,0.0,0.0,1000000.0,1000000.0,0.4545501332381252,0.026529619849240283,0.012059042237228982
DDoS,DDoS,38,min_packet_length,10226,128027,10226,128027,0.0,2.1850390933162536,0.0,0.0,0.0,2.887185259136865,0.0,0.0,0.0,6.0,0.36417318221937556,0.007063370336737162,0.0025722900527235144
DDoS,DDoS,39,max_packet_length,10226,128027,10226,128027,306.21944064150205,4606.544877252454,0.0,5755.0,306.9990076972365,3963.7925494540773,0.0,6.0,614.0,11595.0,0.6358033852234295,0.01552659662705139,0.009871862696477956
DDoS,DDoS,40,packet_length_mean,10226,128027,10226,128027,51.523900275824474,736.8852833478485,0.0,833.5,51.93968855544449,584.5453274175356,0.0,2.0,106.875,1936.8333740234375,0.6358033852234295,0.030767526345343982,0.019562097405320757
DDoS,DDoS,41,packet_length_std,10226,128027,10226,128027,104.37269245955707,1577.775487261294,0.0,1903.962646484375,104.7838199226051,1329.8904891764762,0.0,0.0,212.8174591064453,4731.5224609375,0.6358033852234295,0.01800290551455784,0.011446308270013422
DDoS,DDoS,42,packet_length_variance,10226,128027,10226,128027,21873.307400789043,4257342.103769132,0.0,3625073.75,22040.011859900857,4553424.606608572,0.0,0.0,45291.26953125,22400000.0,0.6358033852234295,0.01434066995084838,0.009117846501121312
DDoS,DDoS,43,fin_flag_count,10226,128027,10226,128027,0.0,0.00021089301475470018,0.0,0.0,0.0,0.0145206246040254,0.0,0.0,0.0,1.0,0.00021089301475474276,0.00010119931482582572,2.1342228594732723e-08
DDoS,DDoS,44,syn_flag_count,10226,128027,10226,128027,0.0,0.0,0.0,0.0,0.0,0.0,0.0,0.0,0.0,0.0,0.0,2.5558903877989015e-06,0.0
DDoS,DDoS,45,rst_flag_count,10226,128027,10226,128027,0.0,0.0,0.0,0.0,0.0,0.0,0.0,0.0,0.0,0.0,0.0,7.223686163344333e-19,0.0
DDoS,DDoS,46,psh_flag_count,10226,128027,10226,128027,0.4570702131820849,0.4544744467963789,0.0,0.0,0.49815362430054483,0.49792311053565713,0.0,0.0,1.0,1.0,0.002595766385705911,0.01536206993729795,3.987634475810133e-05
DDoS,DDoS,47,ack_flag_count,10226,128027,10226,128027,0.5428319968707217,0.5468221547017426,1.0,1.0,0.4981620419542887,0.49780285839786625,0.0,0.0,1.0,1.0,0.003990157831020913,0.009080991340514481,3.623458871078695e-05
DDoS,DDoS,48,urg_flag_count,10226,128027,10226,128027,0.008116565617054566,2.3432557194966685e-05,0.0,0.0,0.08972562053080835,0.004840661949592226,0.0,0.0,1.0,1.0,0.008093133059859592,0.002070000788314706,1.675279181384516e-05
DDoS,DDoS,49,cwe_flag_count,10226,128027,10226,128027,0.0,0.0,0.0,0.0,0.0,0.0,0.0,0.0,0.0,0.0,0.0,3.276849002952574e-08,0.0
DDoS,DDoS,50,ece_flag_count,10226,128027,10226,128027,0.0,0.0,0.0,0.0,0.0,0.0,0.0,0.0,0.0,0.0,0.0,4.1609497941481444e-18,0.0
DDoS,DDoS,51,down_up_ratio,10226,128027,10226,128027,0.46078623117543516,0.6241417825927343,0.0,0.0,0.4988521225005937,0.7634214035751813,0.0,0.0,2.0,6.0,0.16448843207183894,0.0003500629198723439,5.758130081629163e-05
DDoS,DDoS,52,average_packet_size,10226,128027,10226,128027,58.64098722762659,822.6120039963724,0.0,897.6153564453125,59.19417856886985,658.842243937207,0.0,3.0,122.14286041259766,2324.199951171875,0.6358033852234295,0.057730422247653464,0.03670519789543606
DDoS,DDoS,53,avg_fwd_segment_size,10226,128027,10226,128027,19.202807855820577,7.401261680123043,0.0,7.0,31.132567926985185,1.2373236965756136,0.0,3.0,153.8000030517578,10.0,0.5012712693135146,0.05618528138697351,0.0281640673175852
DDoS,DDoS,54,avg_bwd_segment_size,10226,128027,10226,128027,86.95389869211705,1481.0264721382014,0.0,1934.5,93.04864712448806,1164.8685888801251,0.0,0.0,192.25,5800.5,0.6358033852234295,0.01879072288663072,0.011947205222115185
DDoS,DDoS,55,fwd_header_length.1,10226,128027,10226,128027,103.24115000977899,97.09614378217096,104.0,80.0,21.85555975677619,38.29094461552698,0.0,20.0,304.0,232.0,0.5780857353286845,0.01588471724128783,0.009182728446918108
DDoS,DDoS,56,fwd_avg_bytes_bulk,10226,128027,10226,128027,0.0,0.0,0.0,0.0,0.0,0.0,0.0,0.0,0.0,0.0,0.0,0.0,0.0
DDoS,DDoS,57,fwd_avg_packets_bulk,10226,128027,10226,128027,0.0,0.0,0.0,0.0,0.0,0.0,0.0,0.0,0.0,0.0,0.0,0.0,0.0
DDoS,DDoS,58,fwd_avg_bulk_rate,10226,128027,10226,128027,0.0,0.0,0.0,0.0,0.0,0.0,0.0,0.0,0.0,0.0,0.0,0.0,0.0
DDoS,DDoS,59,bwd_avg_bytes_bulk,10226,128027,10226,128027,0.0,0.0,0.0,0.0,0.0,0.0,0.0,0.0,0.0,0.0,0.0,0.0,0.0
DDoS,DDoS,60,bwd_avg_packets_bulk,10226,128027,10226,128027,0.0,0.0,0.0,0.0,0.0,0.0,0.0,0.0,0.0,0.0,0.0,0.0,0.0
DDoS,DDoS,61,bwd_avg_bulk_rate,10226,128027,10226,128027,0.0,0.0,0.0,0.0,0.0,0.0,0.0,0.0,0.0,0.0,0.0,0.0,0.0
DDoS,DDoS,62,subflow_fwd_packets,10226,128027,10226,128027,3.100430275767651,4.47243940731252,3.0,4.0,0.6233806015724596,1.8977994207465179,1.0,1.0,9.0,11.0,0.4436837213637145,0.03381752229780614,0.01500428414039102
DDoS,DDoS,63,subflow_fwd_bytes,10226,128027,10226,128027,72.92949344807354,31.908597405234833,0.0,26.0,153.6115653919861,11.957030555148377,0.0,6.0,769.0,74.0,0.5012712693135146,0.056398301348612644,0.028270848104145162
DDoS,DDoS,64,subflow_bwd_packets,10226,128027,10226,128027,2.018482300019558,3.2558210377498495,1.0,4.0,2.0296912745026825,2.554281319910143,0.0,0.0,6.0,8.0,0.4194859725546446,0.009650561398480676,0.004048275133939978
DDoS,DDoS,65,subflow_bwd_bytes,10226,128027,10226,128027,354.62732251124584,7373.6349988674265,0.0,11601.0,380.06293532255097,5584.637638610944,0.0,0.0,769.0,11613.0,0.6358033852234295,0.01113357693285563,0.007078765903555097
DDoS,DDoS,66,init_win_bytes_forward,10226,128027,10226,128027,29436.13162526892,3889.892928835324,251.0,256.0,31933.555999000946,4052.4381290281485,-1.0,0.0,64240.0,29200.0,0.542562676755194,0.019757021684254198,0.010719422569719368
DDoS,DDoS,67,init_win_bytes_backward,10226,128027,10226,128027,211.6696655583806,145.40726565490093,126.0,229.0,2408.004865534928,110.62810808301336,-1.0,-1.0,65160.0,229.0,0.464404459221592,0.008990394223922348,0.004175179167749583
DDoS,DDoS,68,act_data_pkt_fwd,10226,128027,10226,128027,0.554077840797966,3.2896888937489748,0.0,3.0,0.6215532736122239,1.5584207853884617,0.0,0.0,6.0,9.0,0.9402338627869652,0.019212293916940678,0.01806404932252365
DDoS,DDoS,69,min_seg_size_forward,10226,128027,10226,128027,31.99687072168981,20.0,32.0,20.0,0.31642868634706345,0.0,0.0,20.0,32.0,20.0,0.9999022100528066,0.003872866305186008,0.0038724875777945366
DDoS,DDoS,70,active_mean,10226,128027,10226,128027,0.0,200793.38189600632,0.0,0.0,0.0,784329.9337552894,0.0,0.0,0.0,5000895.0,0.3984706351004085,4.0432845598735986e-05,1.6111301664645085e-05
DDoS,DDoS,71,active_std,10226,128027,10226,128027,0.0,0.0,0.0,0.0,0.0,0.0,0.0,0.0,0.0,0.0,0.0,3.5109450359216505e-05,0.0
DDoS,DDoS,72,active_max,10226,128027,10226,128027,0.0,200793.38189600632,0.0,0.0,0.0,784329.9337552894,0.0,0.0,0.0,5000895.0,0.3984706351004085,3.137845852975238e-05,1.250339429882226e-05
DDoS,DDoS,73,active_min,10226,128027,10226,128027,0.0,200793.38189600632,0.0,0.0,0.0,784329.9337552894,0.0,0.0,0.0,5000895.0,0.3984706351004085,0.0002175119719327458,8.667213359798344e-05
DDoS,DDoS,74,idle_mean,10226,128027,10226,128027,177869.26422843733,11985309.376990791,0.0,0.0,3279204.2528452664,23372010.93885774,0.0,0.0,61219576.0,101000000.0,0.3957556405517587,8.63658921337028e-05,3.417978896319765e-05
DDoS,DDoS,75,idle_std,10226,128027,10226,128027,0.0,4481514.055628891,0.0,0.0,0.0,14107722.062127708,0.0,0.0,0.0,64300000.0,0.0937770938942567,8.735278671750733e-06,8.191690481932664e-07
DDoS,DDoS,76,idle_max,10226,128027,10226,128027,177869.26422843733,15154236.243979786,0.0,0.0,3279204.2528452664,29006747.65587318,0.0,0.0,61219576.0,101000000.0,0.3957556405517587,0.00013199431133865296,5.223749323301687e-05
DDoS,DDoS,77,idle_min,10226,128027,10226,128027,177869.26422843733,8816414.749755912,0.0,0.0,3279204.2528452664,21216443.139726114,0.0,0.0,61219576.0,101000000.0,0.3957556405517587,0.00011578306159697398,4.582179970735417e-05
PortScan,PortScan,0,destination_port,1000,158930,1000,158930,500.5,8624.460177436607,500.5,3690.0,288.6749902572095,13446.643662914006,1.0,0.0,1000.0,65389.0,0.8524574970112628,0.008107063223032228,0.006910926823218114
PortScan,PortScan,1,flow_duration,1000,158930,1000,158930,15.431,82820.22833322847,3.0,47.0,64.59847706409184,2325847.2147319317,0.0,0.0,1220.0,119809736.0,0.8076287044610835,0.02328676178459756,0.018807057251188395
PortScan,PortScan,2,total_fwd_packets,1000,158930,1000,158930,1.001,1.0175800666960297,1.0,1.0,0.03160696125855822,0.4255928927370319,1.0,1.0,2.0,150.0,0.008324860001258427,0.029684341887607796,0.0002471179904438262
PortScan,PortScan,3,total_backward_packets,1000,158930,1000,158930,1.0,1.0049581576794815,1.0,1.0,0.0,0.14548929959765952,1.0,0.0,1.0,30.0,0.002856603536148028,0.010060785405143801,2.8739675164760255e-05
PortScan,PortScan,4,total_length_of_fwd_packets,1000,158930,1000,158930,0.0,1.0891713332913862,0.0,0.0,0.0,5.661520764360406,0.0,0.0,0.0,1473.0,0.4946454413892909,0.05865668757115486,0.02901426311406763
PortScan,PortScan,5,total_length_of_bwd_packets,1000,158930,1000,158930,0.0,12.237865727049645,0.0,6.0,0.0,267.2972013643153,0.0,0.0,0.0,11595.0,0.9964135153841314,0.012056970617397567,0.012013728477764291
PortScan,PortScan,6,fwd_packet_length_max,1000,158930,1000,158930,0.0,1.0697602718177814,0.0,0.0,0.0,3.523142219794996,0.0,0.0,0.0,397.0,0.4946454413892909,0.05360605315036437,0.02651598982169977
PortScan,PortScan,7,fwd_packet_length_min,1000,158930,1000,158930,0.0,0.9873906751399988,0.0,0.0,0.0,1.0068435398582845,0.0,0.0,0.0,48.0,0.49355061976970993,0.007840488095608292,0.003869677758884505
PortScan,PortScan,8,fwd_packet_length_mean,1000,158930,1000,158930,0.0,1.0094433603686983,0.0,0.0,0.0,1.3106717924266702,0.0,0.0,0.0,147.3000030517578,0.4946454413892909,0.06979307622461878,0.03452282699504298
PortScan,PortScan,9,fwd_packet_length_std,1000,158930,1000,158930,0.0,0.04103351015205434,0.0,0.0,0.0,1.569275529732881,0.0,0.0,0.0,190.5868377685547,0.004140187503932524,0.00810793022505172,3.3568351400515946e-05
PortScan,PortScan,10,bwd_packet_length_max,1000,158930,1000,158930,0.0,8.789876046058012,0.0,6.0,0.0,120.51298060007346,0.0,0.0,0.0,5792.0,0.9964135153841314,0.014440276938808012,0.014388487107718095
PortScan,PortScan,11,bwd_packet_length_min,1000,158930,1000,158930,0.0,5.9594664317624115,0.0,6.0,0.0,0.479458384008385,0.0,0.0,0.0,48.0,0.995230604668722,0.011785350065507192,0.011729141071927286
PortScan,PortScan,12,bwd_packet_length_mean,1000,158930,1000,158930,0.0,7.07863576938603,0.0,6.0,0.0,47.38922657600371,0.0,0.0,0.0,2315.199951171875,0.9964135153841314,0.022059569375214978,0.021980453069018083
PortScan,PortScan,13,bwd_packet_length_std,1000,158930,1000,158930,0.0,1.1942719640691608,0.0,0.0,0.0,50.690020898543025,0.0,0.0,0.0,2628.88330078125,0.0011829107154093244,0.008604750670916463,1.0178651772052656e-05
PortScan,PortScan,14,flow_bytes_s,1000,158930,993,158804,0.0,220359.75298801178,0.0,139534.890625,0.0,459862.2446018471,0.0,0.0,0.0,8000000.0,0.9965303140978816,0.012539916546462302,0.0124964069748073
PortScan,PortScan,15,flow_packets_s,1000,158930,993,158804,760751.2837189428,62690.566016734454,666666.6875,42553.19140625,600396.8340274538,127929.59789095023,2459.016357421875,0.033386267721652985,2000000.0,2000000.0,0.807337370763882,0.01875389301585683,0.015140718679008984
PortScan,PortScan,16,flow_iat_mean,1000,158930,1000,158930,14.821,26390.707655754228,3.0,47.0,55.4537371058074,756733.4109543327,0.0,0.0,679.0,39900000.0,0.8076287044610835,0.012114044474693029,0.009783650044880278
PortScan,PortScan,17,flow_iat_std,1000,158930,1000,158930,0.07636753082275391,45668.7341954368,0.0,0.0,2.413745588126534,1309702.5775108049,0.0,0.0,76.3675308227539,69200000.0,0.009324860001258428,0.01466029036765193,0.0001367051552561517
PortScan,PortScan,18,flow_iat_max,1000,158930,1000,158930,14.875,80293.2300006292,3.0,47.0,56.05630539912526,2273605.200422053,0.0,0.0,679.0,120000000.0,0.8076287044610835,0.029210397904237996,0.02359115581619248
PortScan,PortScan,19,flow_iat_min,1000,158930,1000,158930,14.767,87.84072233058579,3.0,47.0,54.89763848290744,8865.610669534371,0.0,0.0,679.0,2226047.0,0.8060242245013528,0.003614935859593761,0.002913725872851192
PortScan,PortScan,20,fwd_iat_total,1000,158930,1000,158930,1.22,82662.57628515699,0.0,0.0,38.56049273544102,2326343.7701763185,0.0,0.0,1220.0,120000000.0,0.008324860001258427,0.024036633694432163,0.00020010161040767888
PortScan,PortScan,21,fwd_iat_mean,1000,158930,1000,158930,1.22,78168.19060775689,0.0,0.0,38.56049273544102,2267427.326631234,0.0,0.0,1220.0,120000000.0,0.008324860001258427,0.017277657399376176,0.00014383407899951344
PortScan,PortScan,22,fwd_iat_std,1000,158930,1000,158930,0.0,2000.1249553436796,0.0,0.0,0.0,95518.93016549015,0.0,0.0,0.0,18000000.0,0.004744227018184111,0.018535205817935253,8.793522422905174e-05
PortScan,PortScan,23,fwd_iat_max,1000,158930,1000,158930,1.22,80149.58722708111,0.0,0.0,38.56049273544102,2273502.474210483,0.0,0.0,1220.0,120000000.0,0.008324860001258427,0.012043056920517735,0.00010025676285049658
PortScan,PortScan,24,fwd_iat_min,1000,158930,1000,158930,1.22,76669.77424023155,0.0,0.0,38.56049273544102,2266257.320142841,0.0,0.0,1220.0,120000000.0,0.008324860001258427,0.006150671461633378,5.120347883183342e-05
PortScan,PortScan,25,bwd_iat_total,1000,158930,1000,158930,0.0,80235.4216069968,0.0,0.0,0.0,2287379.3201095085,0.0,0.0,0.0,120000000.0,0.002856603536148028,0.0011058594174839001,3.1590019224671075e-06
PortScan,PortScan,26,bwd_iat_mean,1000,158930,1000,158930,0.0,78060.50971215943,0.0,0.0,0.0,2267646.882329203,0.0,0.0,0.0,120000000.0,0.002856603536148028,0.003509418725286454,1.002501794047739e-05
PortScan,PortScan,27,bwd_iat_std,1000,158930,1000,158930,0.0,1189.8683402976194,0.0,0.0,0.0,75036.64320480594,0.0,0.0,0.0,18000000.0,0.0008053860190020412,0.001068237586149994,8.603436168576938e-07
PortScan,PortScan,28,bwd_iat_max,1000,158930,1000,158930,0.0,79559.23342351979,0.0,0.0,0.0,2271098.6493535195,0.0,0.0,0.0,120000000.0,0.002856603536148028,0.0011563754266246228,3.303306132810582e-06
PortScan,PortScan,29,bwd_iat_min,1000,158930,1000,158930,0.0,77369.46431133203,0.0,0.0,0.0,2267174.0170538914,0.0,0.0,0.0,120000000.0,0.002856603536148028,0.0019961488785581465,5.702205945167121e-06
PortScan,PortScan,30,fwd_psh_flags,1000,158930,1000,158930,0.0,0.0,0.0,0.0,0.0,0.0,0.0,0.0,0.0,0.0,0.0,3.303870419908219e-05,0.0
PortScan,PortScan,31,bwd_psh_flags,1000,158930,1000,158930,0.0,0.0,0.0,0.0,0.0,0.0,0.0,0.0,0.0,0.0,0.0,0.0,0.0
PortScan,PortScan,32,fwd_urg_flags,1000,158930,1000,158930,0.0,0.0,0.0,0.0,0.0,0.0,0.0,0.0,0.0,0.0,0.0,1.2768897711935716e-07,0.0
PortScan,PortScan,33,bwd_urg_flags,1000,158930,1000,158930,0.0,0.0,0.0,0.0,0.0,0.0,0.0,0.0,0.0,0.0,0.0,0.0,0.0
PortScan,PortScan,34,fwd_header_length,1000,158930,1000,158930,24.02,32.595381614547286,24.0,40.0,0.6321392251711644,10.33043889301416,24.0,0.0,44.0,328.0,0.5084632857232744,0.011315397571790769,0.005753464228617894
PortScan,PortScan,35,bwd_header_length,1000,158930,1000,158930,20.004,20.237261687535394,20.0,20.0,0.12642784503423288,4.622344528246646,20.0,0.0,24.0,296.0,0.007959919461398068,0.010368096232830675,8.252921098135689e-05
PortScan,PortScan,36,fwd_packets_s,1000,158930,1000,158930,377713.42220251466,31327.322723005796,333333.34375,21276.595703125,300821.6370740202,63942.504176148585,0.0,0.0,1000000.0,1000000.0,0.8014215063235386,0.011131896346437568,0.008921341138199491
PortScan,PortScan,37,bwd_packets_s,1000,158930,1000,158930,377712.6025303955,31313.542096305922,333333.34375,21276.595703125,300822.6629061662,63948.67155490308,0.0,0.0,1000000.0,1000000.0,0.8014215063235386,0.026529619849240283,0.021261407901768996
PortScan,PortScan,38,min_packet_length,1000,158930,1000,158930,0.0,0.9873906751399988,0.0,0.0,0.0,1.0068435398582845,0.0,0.0,0.0,48.0,0.49355061976970993,0.007063370336737162,0.003486130807359611
PortScan,PortScan,39,max_packet_length,1000,158930,1000,158930,0.0,8.81375448310577,0.0,6.0,0.0,120.52348373276047,0.0,0.0,0.0,5792.0,0.996533064871327,0.01552659662705139,0.01547276692377633
PortScan,PortScan,40,packet_length_mean,1000,158930,1000,158930,0.0,3.2460249701373147,0.0,2.0,0.0,25.27617080950541,0.0,0.0,0.0,1161.300048828125,0.996533064871327,0.030767526345343982,0.030660857327434936
PortScan,PortScan,41,packet_length_std,1000,158930,1000,158930,0.0,3.8810585267036894,0.0,3.464101552963257,0.0,42.28411898459203,0.0,0.0,0.0,2137.603515625,0.9965267727930536,0.01800290551455784,0.017940377333320594
PortScan,PortScan,42,packet_length_variance,1000,158930,1000,158930,0.0,1803.009343240482,0.0,12.0,0.0,78566.87540763046,0.0,0.0,0.0,4569349.0,0.9965267727930536,0.01434066995084838,0.014290861545809254
PortScan,PortScan,43,fin_flag_count,1000,158930,1000,158930,0.0,0.0,0.0,0.0,0.0,0.0,0.0,0.0,0.0,0.0,0.0,0.00010119931482582572,0.0
PortScan,PortScan,44,syn_flag_count,1000,158930,1000,158930,0.0,0.0,0.0,0.0,0.0,0.0,0.0,0.0,0.0,0.0,0.0,2.5558903877989015e-06,0.0
PortScan,PortScan,45,rst_flag_count,1000,158930,1000,158930,0.0,0.0,0.0,0.0,0.0,0.0,0.0,0.0,0.0,0.0,0.0,7.223686163344333e-19,0.0
PortScan,PortScan,46,psh_flag_count,1000,158930,1000,158930,1.0,0.9995721386774051,1.0,1.0,0.0,0.020680383393048604,1.0,0.0,1.0,1.0,0.0004278613225948531,0.01536206993729795,6.572835561166933e-06
PortScan,PortScan,47,ack_flag_count,1000,158930,1000,158930,0.0,0.000383816774680677,0.0,0.0,0.0,0.01958748221094663,0.0,0.0,0.0,1.0,0.00038381677468068975,0.009080991340514481,3.4854368072195415e-06
PortScan,PortScan,48,urg_flag_count,1000,158930,1000,158930,0.0,2.5168313093814886e-05,0.0,0.0,0.0,0.005016739942415881,0.0,0.0,0.0,1.0,2.5168313093848482e-05,0.002070000788314706,5.2098427944817695e-08
PortScan,PortScan,49,cwe_flag_count,1000,158930,1000,158930,0.0,0.0,0.0,0.0,0.0,0.0,0.0,0.0,0.0,0.0,0.0,3.276849002952574e-08,0.0
PortScan,PortScan,50,ece_flag_count,1000,158930,1000,158930,0.0,0.0,0.0,0.0,0.0,0.0,0.0,0.0,0.0,0.0,0.0,4.1609497941481444e-18,0.0
PortScan,PortScan,51,down_up_ratio,1000,158930,1000,158930,0.999,0.992927704020638,1.0,1.0,0.03160696125855822,0.08790330696605844,0.0,0.0,1.0,2.0,0.006424652362675392,0.0003500629198723439,2.2490325652429005e-06
PortScan,PortScan,52,average_packet_size,1000,158930,1000,158930,0.0,4.630614509870848,0.0,3.0,0.0,27.930362440906183,0.0,0.0,0.0,1290.3333740234375,0.996533064871327,0.057730422247653464,0.057530274618769944
PortScan,PortScan,53,avg_fwd_segment_size,1000,158930,1000,158930,0.0,1.0094433603686983,0.0,0.0,0.0,1.3106717924266702,0.0,0.0,0.0,147.3000030517578,0.4946454413892909,0.05618528138697351,0.027791793311241025
PortScan,PortScan,54,avg_bwd_segment_size,1000,158930,1000,158930,0.0,7.07863576938603,0.0,6.0,0.0,47.38922657600371,0.0,0.0,0.0,2315.199951171875,0.9964135153841314,0.01879072288663072,0.018723330248076767
PortScan,PortScan,55,fwd_header_length.1,1000,158930,1000,158930,24.02,32.595381614547286,24.0,40.0,0.6321392251711644,10.33043889301416,24.0,0.0,44.0,328.0,0.5084632857232744,0.01588471724128783,0.008076795521290356
PortScan,PortScan,56,fwd_avg_bytes_bulk,1000,158930,1000,158930,0.0,0.0,0.0,0.0,0.0,0.0,0.0,0.0,0.0,0.0,0.0,0.0,0.0
PortScan,PortScan,57,fwd_avg_packets_bulk,1000,158930,1000,158930,0.0,0.0,0.0,0.0,0.0,0.0,0.0,0.0,0.0,0.0,0.0,0.0,0.0
PortScan,PortScan,58,fwd_avg_bulk_rate,1000,158930,1000,158930,0.0,0.0,0.0,0.0,0.0,0.0,0.0,0.0,0.0,0.0,0.0,0.0,0.0
PortScan,PortScan,59,bwd_avg_bytes_bulk,1000,158930,1000,158930,0.0,0.0,0.0,0.0,0.0,0.0,0.0,0.0,0.0,0.0,0.0,0.0,0.0
PortScan,PortScan,60,bwd_avg_packets_bulk,1000,158930,1000,158930,0.0,0.0,0.0,0.0,0.0,0.0,0.0,0.0,0.0,0.0,0.0,0.0,0.0
PortScan,PortScan,61,bwd_avg_bulk_rate,1000,158930,1000,158930,0.0,0.0,0.0,0.0,0.0,0.0,0.0,0.0,0.0,0.0,0.0,0.0,0.0
PortScan,PortScan,62,subflow_fwd_packets,1000,158930,1000,158930,1.001,1.0175800666960297,1.0,1.0,0.03160696125855822,0.4255928927370319,1.0,1.0,2.0,150.0,0.008324860001258427,0.03381752229780614,0.0002815261387186713
PortScan,PortScan,63,subflow_fwd_bytes,1000,158930,1000,158930,0.0,1.0891713332913862,0.0,0.0,0.0,5.661520764360406,0.0,0.0,0.0,1473.0,0.4946454413892909,0.056398301348612644,0.02789716266419074
PortScan,PortScan,64,subflow_bwd_packets,1000,158930,1000,158930,1.0,1.0049581576794815,1.0,1.0,0.0,0.14548929959765952,1.0,0.0,1.0,30.0,0.002856603536148028,0.009650561398480676,2.7567827816713556e-05
PortScan,PortScan,65,subflow_bwd_bytes,1000,158930,1000,158930,0.0,12.237865727049645,0.0,6.0,0.0,267.2972013643153,0.0,0.0,0.0,11595.0,0.9964135153841314,0.01113357693285563,0.011093646530466354
PortScan,PortScan,66,init_win_bytes_forward,1000,158930,1000,158930,1024.0,15284.735399232366,1024.0,29200.0,0.0,14106.077159779405,1024.0,-1.0,1024.0,64240.0,0.5058453407160385,0.019757021684254198,0.009993997365405726
PortScan,PortScan,67,init_win_bytes_backward,1000,158930,1000,158930,64.24,177.42238092241868,0.0,0.0,2030.4311912497794,2262.5835190055695,0.0,-1.0,64240.0,29200.0,0.006418360284401903,0.008990394223922348,5.7703589227939464e-05
PortScan,PortScan,68,act_data_pkt_fwd,1000,158930,1000,158930,0.0,0.003995469703643113,0.0,0.0,0.0,0.06397470855277537,0.0,0.0,0.0,4.0,0.0039577172340024,0.019212293916940678,7.60368267397956e-05
PortScan,PortScan,69,min_seg_size_forward,1000,158930,1000,158930,23.996,32.04877619077581,24.0,40.0,0.12642784503423288,7.9983913813130165,20.0,0.0,24.0,40.0,0.5062354495689927,0.003872866305186008,0.0019605822151264425
PortScan,PortScan,70,active_mean,1000,158930,1000,158930,0.0,67.78951582457685,0.0,0.0,0.0,12052.171976624186,0.0,0.0,0.0,2368532.25,0.001982004656137959,4.0432845598735986e-05,8.01380882376019e-08
PortScan,PortScan,71,active_std,1000,158930,1000,158930,0.0,3.0614984781035677,0.0,0.0,0.0,882.9103018746042,0.0,0.0,0.0,295817.90625,1.2584156546924241e-05,3.5109450359216505e-05,4.41822819596846e-10
PortScan,PortScan,72,active_max,1000,158930,1000,158930,0.0,73.07201912791795,0.0,0.0,0.0,13075.35436564675,0.0,0.0,0.0,2686269.0,0.001982004656137959,3.137845852975238e-05,6.219225090840107e-08
PortScan,PortScan,73,active_min,1000,158930,1000,158930,0.0,64.6315484804631,0.0,0.0,0.0,11483.627966212167,0.0,0.0,0.0,2226047.0,0.001982004656137959,0.0002175119719327458,4.3110974113645125e-07
PortScan,PortScan,74,idle_mean,1000,158930,1000,158930,0.0,79628.43091298056,0.0,0.0,0.0,2271728.3301508822,0.0,0.0,0.0,120000000.0,0.001982004656137959,8.63658921337028e-05,1.7117760034050767e-07
PortScan,PortScan,75,idle_std,1000,158930,1000,158930,0.0,61.37479039514252,0.0,0.0,0.0,23119.792579677294,0.0,0.0,0.0,9208869.0,1.887623482033085e-05,8.735278671750733e-06,1.648891714289946e-10
PortScan,PortScan,76,idle_max,1000,158930,1000,158930,0.0,79763.08138803247,0.0,0.0,0.0,2273200.974897732,0.0,0.0,0.0,120000000.0,0.001982004656137959,0.00013199431133865296,2.6161333965693357e-07
PortScan,PortScan,77,idle_min,1000,158930,1000,158930,0.0,79600.11656075002,0.0,0.0,0.0,2271571.594660562,0.0,0.0,0.0,120000000.0,0.001982004656137959,0.00011578306159697398,2.2948256718711054e-07
