artifact,path,exists,sha256,role,relevance,reproducibility_status
active_model,models/random_forest_active.joblib,true,73d86cb98f35c228d6e619e0f746a2b659d94deabe86d57e801c58bcf935f647,served fitted pipeline,critical,verified against metadata and tuned model
tuned_model,models/random_forest_tuned.joblib,true,73d86cb98f35c228d6e619e0f746a2b659d94deabe86d57e801c58bcf935f647,selected fitted pipeline,critical,byte-identical to active model
baseline_model,models/random_forest_baseline.joblib,true,0ac3031724bb1168553ba81aeb48dafc80036ec942af8181dd84dea49228190c,selection comparator,medium,present but not selected
model_metadata,models/model_metadata.json,true,c632b16d30efb8f5a642070520c43cc1caaf36cbead33bddf9b5359b0fb531f2,active model contract,critical,model hash and recipe summary verified
tuned_metrics,reports/metrics/tuned_metrics.json,true,1d5790ff92b438c5dd58cc7877c40dfaa67c7d223fcd98dab773f6670260d8d3,primary training record,critical,contains ordered dataset identity split audit search and metrics
baseline_metrics,reports/metrics/baseline_metrics.json,true,5c3527b3c77fc83d4e2568d21d9aae207bcab0f5530e691ead1da6b29be92836,baseline training record,high,corroborates identical preprocessing and split
data_understanding,reports/metrics/data_understanding.json,true,f3eb36a4949a7fc157d731b6a20cf732c718d8cf1ce9a75b67edcd43df3c0543,input order schema and distributions,critical,present and consistent
best_parameters,reports/metrics/tuned_best_parameters.json,true,3912724a28eb108a1fb5bb47e79aa56629a165033b0c8affd95bcad4c0ad4617,winning search parameters,high,present and consistent
tuning_results,reports/metrics/tuning_results.csv,true,8522d03f9f65c77acee6bc1955bc2d279421b5e1ea8a8306d6db289f10126930,RandomizedSearchCV results,high,present
model_comparison,reports/metrics/model_comparison.json,true,2c66f07dcd54286fce08b8c0fea09b4a3fe117e275a946ac572f4771b48309fa,model selection record,high,present and selects tuned
train_tuned_source,src/training/train_tuned.py,true,d97d96777cac7f4a34189b54a1c9a919e08a522600d9370d4ebfe134ba283302,tuning and final refit recipe,critical,unchanged from local training-era commit
train_baseline_source,src/training/train_baseline.py,true,9bd5cc21c25118f444355cb50b6c790ba2b1d465ab6429ed2341305ed33a7270,pipeline and common validation recipe,critical,present
dataset_preparation_current,src/preprocessing/dataset.py,true,587f3db91fba25957f1d05463979a9388e2e7312d546153ea6d9024da96b8212,filter deduplicate split recipe,critical,source drift after training; historical blob available
dataset_preparation_historical,git:4ed28d2:src/preprocessing/dataset.py,true,7f8b35071ee9b9181cc14f2716e4d139f320f555abe5e4e5200fa0ed631fa1b2,training-era preparation recipe,critical,available in local Git
data_loading_current,src/data/loading.py,true,04a2dfe872b9cba3b921eb537d93413b6310f55cac01067962336d6e9cd9ebc9,CSV ordering and concatenation,critical,source drift adds excluded provenance column
data_loading_historical,git:4ed28d2:src/data/loading.py,true,3b4bc1deb0352c3138fec566e4d4df1e8583343e20c274dcfabf782f9929e504,training-era CSV loader,critical,available in local Git
label_mapping,src/preprocessing/labels.py,true,912465340d4a1e95ff566bbbca5bf05d690a7ac2a73f4dc5dccb4b5c8c78c2ff,class inclusion and mapping,critical,present
hashing_source,src/common/hashing.py,true,a0bf62f7643cd40b1da6299b61b759ad242c6c5d6808c8214925461a2f31284d,ordered dataset identity algorithm,critical,present; path spelling is identity-sensitive
inference_source,src/inference/predictor.py,true,0fde30d94c36ac6e19c38d7764ab698ad1dab18734df1c63c338105ad9be5d90,active model validation contract,medium,present
selection_source,src/evaluation/compare_models.py,true,29cc9d4f190c74a462f4ca8d3da78dfa735c5949a93fec6bdc23e81213d8abc1,publication and selection logic,high,present
leakage_config,config/leakage_columns.json,true,1966b5260426b89b0a1d7011e5744738319657c2f0cc07da330ce9904e44f94c,feature exclusion configuration,high,present
ddos_csv,data/raw/cicids2017/Friday-WorkingHours-Afternoon-DDos.pcap_ISCX.csv,true,6ff1580f5f81c0ae28a26f7631721018577f5f7c5e0feac28b795fcfe7b411ee,ordered raw input 1,critical,exact recorded size and hash
portscan_csv,data/raw/cicids2017/Friday-WorkingHours-Afternoon-PortScan.pcap_ISCX.csv,true,ca1824c51bfbb7b3c72290a11be04366ba8815878c6a1cc5c44cb1cee269e99b,ordered raw input 2,critical,exact recorded size and hash
friday_morning_csv,data/raw/cicids2017/Friday-WorkingHours-Morning.pcap_ISCX.csv,true,53a41c24d570ea83b7ac55b2e94df94e7a8216aeb80a2af0246b6bc8bb543000,ordered raw input 3,critical,exact recorded size and hash
monday_csv,data/raw/cicids2017/Monday-WorkingHours.pcap_ISCX.csv,true,852c4beb34eda186f32561fa79df7a0747e92e1a6535b01270820dd9ffe17f34,ordered raw input 4,critical,exact recorded size and hash
thursday_infiltration_csv,data/raw/cicids2017/Thursday-WorkingHours-Afternoon-Infilteration.pcap_ISCX.csv,true,6bcda3857c2504676034e3ea57762d38393cc734cb377a726bd5cb153961b1b5,ordered raw input 5,critical,exact recorded size and hash
thursday_webattacks_csv,data/raw/cicids2017/Thursday-WorkingHours-Morning-WebAttacks.pcap_ISCX.csv,true,d67066211fb1689c78406f1506f4c44704ecb92088353d5c96d96d6474eb819d,ordered raw input 6,critical,exact recorded size and hash
tuesday_csv,data/raw/cicids2017/Tuesday-WorkingHours.pcap_ISCX.csv,true,52b8692ae8c7d2ed04671fe2b98335693c0a92c7ab157d8c8b534d6523080851,ordered raw input 7,critical,exact recorded size and hash
wednesday_csv,data/raw/cicids2017/Wednesday-workingHours.pcap_ISCX.csv,true,893c27dc968bf7a8adef1689f90be55ca4a4dc3088fb63d6ff247ac56856df2a,ordered raw input 8,critical,exact recorded size and hash
saved_train_indices,data/processed or reports,false,,direct split evidence,critical,missing
saved_test_indices,data/processed or reports,false,,direct holdout evidence,critical,missing
prepared_train_partition,data/processed,false,,direct prepared training data,high,missing
prepared_test_partition,data/processed,false,,direct prepared holdout data,critical,missing
holdout_row_manifest,reports/metrics,false,,stable row-level holdout identity,critical,missing
failed_holdout_diagnostic,reports/metrics/rf_v1_cicids2017_holdout_evaluation.json,true,b1f273fae0e1cb18cfd066d72925f09baa8337bb99b701790d219ff4e4fcb1d0,prior fail-closed result,high,false negative caused by relative versus absolute path strings
holdout_evaluator,scripts/evaluate_rf_v1_cicids2017_holdout.py,true,1e886bf90998f90ad0da8a4c64bd03c5bd574b0f3bdcb3b038a101bafa322e64,reconstruction evaluator,high,identity comparison bug identified; not modified
