destination_port,flow_duration,total_fwd_packets,total_backward_packets,total_length_of_fwd_packets,total_length_of_bwd_packets,fwd_packet_length_max,fwd_packet_length_min,fwd_packet_length_mean,fwd_packet_length_std,bwd_packet_length_max,bwd_packet_length_min,bwd_packet_length_mean,bwd_packet_length_std,flow_bytes_s,flow_packets_s,flow_iat_mean,flow_iat_std,flow_iat_max,flow_iat_min,fwd_iat_total,fwd_iat_mean,fwd_iat_std,fwd_iat_max,fwd_iat_min,bwd_iat_total,bwd_iat_mean,bwd_iat_std,bwd_iat_max,bwd_iat_min,fwd_psh_flags,bwd_psh_flags,fwd_urg_flags,bwd_urg_flags,fwd_header_length,bwd_header_length,fwd_packets_s,bwd_packets_s,min_packet_length,max_packet_length,packet_length_mean,packet_length_std,packet_length_variance,fin_flag_count,syn_flag_count,rst_flag_count,psh_flag_count,ack_flag_count,urg_flag_count,cwe_flag_count,ece_flag_count,down_up_ratio,average_packet_size,avg_fwd_segment_size,avg_bwd_segment_size,fwd_header_length.1,fwd_avg_bytes_bulk,fwd_avg_packets_bulk,fwd_avg_bulk_rate,bwd_avg_bytes_bulk,bwd_avg_packets_bulk,bwd_avg_bulk_rate,subflow_fwd_packets,subflow_fwd_bytes,subflow_bwd_packets,subflow_bwd_bytes,init_win_bytes_forward,init_win_bytes_backward,act_data_pkt_fwd,min_seg_size_forward,active_mean,active_std,active_max,active_min,idle_mean,idle_std,idle_max,idle_min
8080.0,5800.0,3.0,4.0,111.0,220.0,111.0,0.0,37.0,64.08588,185.0,0.0,55.0,88.223206,57068.965,1206.8966,966.6667,1529.8198,4023.0,138.0,1390.0,695.0,787.717,1252.0,138.0,4824.0,1608.0,2104.2246,4023.0,169.0,0.0,0.0,0.0,0.0,104.0,136.0,517.2414,689.65515,0.0,185.0,41.375,69.77093,4867.982,0.0,0.0,0.0,1.0,0.0,0.0,0.0,0.0,1.0,47.285713,37.0,55.0,104.0,0.0,0.0,0.0,0.0,0.0,0.0,3.0,111.0,4.0,220.0,64240.0,255.0,1.0,32.0,0.0,0.0,0.0,0.0,0.0,0.0,0.0,0.0
8080.0,201.0,2.0,0.0,0.0,0.0,0.0,0.0,0.0,0.0,0.0,0.0,0.0,0.0,0.0,9950.249,201.0,0.0,201.0,201.0,201.0,201.0,0.0,201.0,201.0,0.0,0.0,0.0,0.0,0.0,0.0,0.0,0.0,0.0,64.0,0.0,9950.249,0.0,0.0,0.0,0.0,0.0,0.0,0.0,0.0,0.0,0.0,1.0,0.0,0.0,0.0,0.0,0.0,0.0,0.0,64.0,0.0,0.0,0.0,0.0,0.0,0.0,2.0,0.0,0.0,0.0,251.0,-1.0,0.0,32.0,0.0,0.0,0.0,0.0,0.0,0.0,0.0,0.0
8080.0,5656.0,3.0,4.0,111.0,220.0,111.0,0.0,37.0,64.08588,185.0,0.0,55.0,88.223206,58521.92,1237.6238,942.6667,1440.7496,3859.0,153.0,1332.0,666.0,663.2662,1135.0,197.0,5002.0,1667.3334,1943.6292,3859.0,153.0,0.0,0.0,0.0,0.0,104.0,136.0,530.41016,707.21356,0.0,185.0,41.375,69.77093,4867.982,0.0,0.0,0.0,1.0,0.0,0.0,0.0,0.0,1.0,47.285713,37.0,55.0,104.0,0.0,0.0,0.0,0.0,0.0,0.0,3.0,111.0,4.0,220.0,64240.0,255.0,1.0,32.0,0.0,0.0,0.0,0.0,0.0,0.0,0.0,0.0
8080.0,117.0,2.0,0.0,0.0,0.0,0.0,0.0,0.0,0.0,0.0,0.0,0.0,0.0,0.0,17094.018,117.0,0.0,117.0,117.0,117.0,117.0,0.0,117.0,117.0,0.0,0.0,0.0,0.0,0.0,0.0,0.0,0.0,0.0,64.0,0.0,17094.018,0.0,0.0,0.0,0.0,0.0,0.0,0.0,0.0,0.0,0.0,1.0,0.0,0.0,0.0,0.0,0.0,0.0,0.0,64.0,0.0,0.0,0.0,0.0,0.0,0.0,2.0,0.0,0.0,0.0,251.0,-1.0,0.0,32.0,0.0,0.0,0.0,0.0,0.0,0.0,0.0,0.0
8080.0,3529.0,3.0,4.0,111.0,220.0,111.0,0.0,37.0,64.08588,185.0,0.0,55.0,88.223206,93794.27,1983.5647,588.1667,635.23016,1798.0,0.0,1362.0,681.0,677.4083,1160.0,202.0,2876.0,958.6667,904.9206,1798.0,0.0,0.0,0.0,0.0,0.0,104.0,136.0,850.0992,1133.4656,0.0,185.0,41.375,69.77093,4867.982,0.0,0.0,0.0,1.0,0.0,0.0,0.0,0.0,1.0,47.285713,37.0,55.0,104.0,0.0,0.0,0.0,0.0,0.0,0.0,3.0,111.0,4.0,220.0,64240.0,255.0,1.0,32.0,0.0,0.0,0.0,0.0,0.0,0.0,0.0,0.0
8080.0,220.0,2.0,0.0,0.0,0.0,0.0,0.0,0.0,0.0,0.0,0.0,0.0,0.0,0.0,9090.909,220.0,0.0,220.0,220.0,220.0,220.0,0.0,220.0,220.0,0.0,0.0,0.0,0.0,0.0,0.0,0.0,0.0,0.0,64.0,0.0,9090.909,0.0,0.0,0.0,0.0,0.0,0.0,0.0,0.0,0.0,0.0,1.0,0.0,0.0,0.0,0.0,0.0,0.0,0.0,64.0,0.0,0.0,0.0,0.0,0.0,0.0,2.0,0.0,0.0,0.0,251.0,-1.0,0.0,32.0,0.0,0.0,0.0,0.0,0.0,0.0,0.0,0.0
8080.0,4261.0,3.0,4.0,111.0,220.0,111.0,0.0,37.0,64.08588,185.0,0.0,55.0,88.223206,77681.3,1642.8069,710.1667,604.709,1577.0,21.0,2351.0,1175.5,1632.7096,2330.0,21.0,2684.0,894.6667,596.41626,1243.0,206.0,0.0,0.0,0.0,0.0,104.0,136.0,704.06006,938.74677,0.0,185.0,41.375,69.77093,4867.982,0.0,0.0,0.0,1.0,0.0,0.0,0.0,0.0,1.0,47.285713,37.0,55.0,104.0,0.0,0.0,0.0,0.0,0.0,0.0,3.0,111.0,4.0,220.0,64240.0,255.0,1.0,32.0,0.0,0.0,0.0,0.0,0.0,0.0,0.0,0.0
8080.0,180.0,2.0,0.0,0.0,0.0,0.0,0.0,0.0,0.0,0.0,0.0,0.0,0.0,0.0,11111.111,180.0,0.0,180.0,180.0,180.0,180.0,0.0,180.0,180.0,0.0,0.0,0.0,0.0,0.0,0.0,0.0,0.0,0.0,64.0,0.0,11111.111,0.0,0.0,0.0,0.0,0.0,0.0,0.0,0.0,0.0,0.0,1.0,0.0,0.0,0.0,0.0,0.0,0.0,0.0,64.0,0.0,0.0,0.0,0.0,0.0,0.0,2.0,0.0,0.0,0.0,251.0,-1.0,0.0,32.0,0.0,0.0,0.0,0.0,0.0,0.0,0.0,0.0
8080.0,2910.0,3.0,4.0,111.0,220.0,111.0,0.0,37.0,64.08588,185.0,0.0,55.0,88.223206,113745.7,2405.4983,485.0,483.2635,1397.0,0.0,1158.0,579.0,526.08746,951.0,207.0,2378.0,792.6667,717.28955,1397.0,0.0,0.0,0.0,0.0,0.0,104.0,136.0,1030.9279,1374.5704,0.0,185.0,41.375,69.77093,4867.982,0.0,0.0,0.0,1.0,0.0,0.0,0.0,0.0,1.0,47.285713,37.0,55.0,104.0,0.0,0.0,0.0,0.0,0.0,0.0,3.0,111.0,4.0,220.0,64240.0,255.0,1.0,32.0,0.0,0.0,0.0,0.0,0.0,0.0,0.0,0.0
8080.0,204.0,2.0,0.0,0.0,0.0,0.0,0.0,0.0,0.0,0.0,0.0,0.0,0.0,0.0,9803.922,204.0,0.0,204.0,204.0,204.0,204.0,0.0,204.0,204.0,0.0,0.0,0.0,0.0,0.0,0.0,0.0,0.0,0.0,64.0,0.0,9803.922,0.0,0.0,0.0,0.0,0.0,0.0,0.0,0.0,0.0,0.0,1.0,0.0,0.0,0.0,0.0,0.0,0.0,0.0,64.0,0.0,0.0,0.0,0.0,0.0,0.0,2.0,0.0,0.0,0.0,251.0,-1.0,0.0,32.0,0.0,0.0,0.0,0.0,0.0,0.0,0.0,0.0
8080.0,3956.0,3.0,4.0,111.0,220.0,111.0,0.0,37.0,64.08588,185.0,0.0,55.0,88.223206,83670.375,1769.4641,659.3333,786.2642,2133.0,1.0,1137.0,568.5,789.83826,1127.0,10.0,3242.0,1080.6666,1066.2628,2133.0,1.0,0.0,0.0,0.0,0.0,104.0,136.0,758.34174,1011.1224,0.0,185.0,41.375,69.77093,4867.982,0.0,0.0,0.0,1.0,0.0,0.0,0.0,0.0,1.0,47.285713,37.0,55.0,104.0,0.0,0.0,0.0,0.0,0.0,0.0,3.0,111.0,4.0,220.0,64240.0,255.0,1.0,32.0,0.0,0.0,0.0,0.0,0.0,0.0,0.0,0.0
8080.0,16.0,2.0,0.0,0.0,0.0,0.0,0.0,0.0,0.0,0.0,0.0,0.0,0.0,0.0,125000.0,16.0,0.0,16.0,16.0,16.0,16.0,0.0,16.0,16.0,0.0,0.0,0.0,0.0,0.0,0.0,0.0,0.0,0.0,64.0,0.0,125000.0,0.0,0.0,0.0,0.0,0.0,0.0,0.0,0.0,0.0,0.0,1.0,0.0,0.0,0.0,0.0,0.0,0.0,0.0,64.0,0.0,0.0,0.0,0.0,0.0,0.0,2.0,0.0,0.0,0.0,251.0,-1.0,0.0,32.0,0.0,0.0,0.0,0.0,0.0,0.0,0.0,0.0
8080.0,11606.0,3.0,4.0,111.0,220.0,111.0,0.0,37.0,64.08588,185.0,0.0,55.0,88.223206,28519.73,603.1363,1934.3334,2414.043,6490.0,167.0,3649.0,1824.5,2344.059,3482.0,167.0,8871.0,2957.0,3060.1355,6490.0,1137.0,0.0,0.0,0.0,0.0,104.0,136.0,258.487,344.64932,0.0,185.0,41.375,69.77093,4867.982,0.0,0.0,0.0,1.0,0.0,0.0,0.0,0.0,1.0,47.285713,37.0,55.0,104.0,0.0,0.0,0.0,0.0,0.0,0.0,3.0,111.0,4.0,220.0,64240.0,255.0,1.0,32.0,0.0,0.0,0.0,0.0,0.0,0.0,0.0,0.0
8080.0,404.0,2.0,0.0,0.0,0.0,0.0,0.0,0.0,0.0,0.0,0.0,0.0,0.0,0.0,4950.495,404.0,0.0,404.0,404.0,404.0,404.0,0.0,404.0,404.0,0.0,0.0,0.0,0.0,0.0,0.0,0.0,0.0,0.0,64.0,0.0,4950.495,0.0,0.0,0.0,0.0,0.0,0.0,0.0,0.0,0.0,0.0,1.0,0.0,0.0,0.0,0.0,0.0,0.0,0.0,64.0,0.0,0.0,0.0,0.0,0.0,0.0,2.0,0.0,0.0,0.0,251.0,-1.0,0.0,32.0,0.0,0.0,0.0,0.0,0.0,0.0,0.0,0.0
8080.0,2576.0,3.0,4.0,111.0,220.0,111.0,0.0,37.0,64.08588,185.0,0.0,55.0,88.223206,128493.79,2717.3914,429.33334,391.0896,1084.0,0.0,1183.0,591.5,700.7428,1087.0,96.0,2023.0,674.3333,588.4729,1084.0,0.0,0.0,0.0,0.0,0.0,104.0,136.0,1164.5963,1552.795,0.0,185.0,41.375,69.77093,4867.982,0.0,0.0,0.0,1.0,0.0,0.0,0.0,0.0,1.0,47.285713,37.0,55.0,104.0,0.0,0.0,0.0,0.0,0.0,0.0,3.0,111.0,4.0,220.0,64240.0,255.0,1.0,32.0,0.0,0.0,0.0,0.0,0.0,0.0,0.0,0.0
8080.0,156.0,2.0,0.0,0.0,0.0,0.0,0.0,0.0,0.0,0.0,0.0,0.0,0.0,0.0,12820.513,156.0,0.0,156.0,156.0,156.0,156.0,0.0,156.0,156.0,0.0,0.0,0.0,0.0,0.0,0.0,0.0,0.0,0.0,64.0,0.0,12820.513,0.0,0.0,0.0,0.0,0.0,0.0,0.0,0.0,0.0,0.0,1.0,0.0,0.0,0.0,0.0,0.0,0.0,0.0,64.0,0.0,0.0,0.0,0.0,0.0,0.0,2.0,0.0,0.0,0.0,251.0,-1.0,0.0,32.0,0.0,0.0,0.0,0.0,0.0,0.0,0.0,0.0
8080.0,2806.0,3.0,4.0,111.0,220.0,111.0,0.0,37.0,64.08588,185.0,0.0,55.0,88.223206,117961.51,2494.6543,467.66666,490.30588,1379.0,1.0,1131.0,565.5,601.74786,991.0,140.0,2224.0,741.3333,694.71313,1379.0,1.0,0.0,0.0,0.0,0.0,104.0,136.0,1069.1376,1425.5167,0.0,185.0,41.375,69.77093,4867.982,0.0,0.0,0.0,1.0,0.0,0.0,0.0,0.0,1.0,47.285713,37.0,55.0,104.0,0.0,0.0,0.0,0.0,0.0,0.0,3.0,111.0,4.0,220.0,64240.0,255.0,1.0,32.0,0.0,0.0,0.0,0.0,0.0,0.0,0.0,0.0
8080.0,166.0,2.0,0.0,0.0,0.0,0.0,0.0,0.0,0.0,0.0,0.0,0.0,0.0,0.0,12048.192,166.0,0.0,166.0,166.0,166.0,166.0,0.0,166.0,166.0,0.0,0.0,0.0,0.0,0.0,0.0,0.0,0.0,0.0,64.0,0.0,12048.192,0.0,0.0,0.0,0.0,0.0,0.0,0.0,0.0,0.0,0.0,1.0,0.0,0.0,0.0,0.0,0.0,0.0,0.0,64.0,0.0,0.0,0.0,0.0,0.0,0.0,2.0,0.0,0.0,0.0,251.0,-1.0,0.0,32.0,0.0,0.0,0.0,0.0,0.0,0.0,0.0,0.0
8080.0,6137.0,3.0,4.0,111.0,220.0,111.0,0.0,37.0,64.08588,185.0,0.0,55.0,88.223206,53935.15,1140.6224,1022.8333,1622.2043,4302.0,136.0,1431.0,715.5,699.3286,1210.0,221.0,5364.0,1788.0,2212.7295,4302.0,136.0,0.0,0.0,0.0,0.0,104.0,136.0,488.8382,651.78424,0.0,185.0,41.375,69.77093,4867.982,0.0,0.0,0.0,1.0,0.0,0.0,0.0,0.0,1.0,47.285713,37.0,55.0,104.0,0.0,0.0,0.0,0.0,0.0,0.0,3.0,111.0,4.0,220.0,64240.0,255.0,1.0,32.0,0.0,0.0,0.0,0.0,0.0,0.0,0.0,0.0
8080.0,146.0,2.0,0.0,0.0,0.0,0.0,0.0,0.0,0.0,0.0,0.0,0.0,0.0,0.0,13698.63,146.0,0.0,146.0,146.0,146.0,146.0,0.0,146.0,146.0,0.0,0.0,0.0,0.0,0.0,0.0,0.0,0.0,0.0,64.0,0.0,13698.63,0.0,0.0,0.0,0.0,0.0,0.0,0.0,0.0,0.0,0.0,1.0,0.0,0.0,0.0,0.0,0.0,0.0,0.0,64.0,0.0,0.0,0.0,0.0,0.0,0.0,2.0,0.0,0.0,0.0,251.0,-1.0,0.0,32.0,0.0,0.0,0.0,0.0,0.0,0.0,0.0,0.0
8080.0,8785.0,4.0,4.0,111.0,220.0,111.0,0.0,27.75,55.5,185.0,0.0,55.0,88.223206,37677.86,910.6431,1255.0,1244.4944,3690.0,22.0,8763.0,2921.0,2322.8281,5036.0,435.0,7083.0,2361.0,1347.3607,3690.0,996.0,0.0,0.0,0.0,0.0,136.0,136.0,455.32156,455.32156,0.0,185.0,36.77778,66.70603,4449.6943,0.0,0.0,0.0,1.0,0.0,0.0,0.0,0.0,1.0,41.375,27.75,55.0,136.0,0.0,0.0,0.0,0.0,0.0,0.0,4.0,111.0,4.0,220.0,64240.0,255.0,1.0,32.0,0.0,0.0,0.0,0.0,0.0,0.0,0.0,0.0
8080.0,3865.0,3.0,4.0,111.0,220.0,111.0,0.0,37.0,64.08588,185.0,0.0,55.0,88.223206,85640.36,1811.1255,644.1667,863.28314,2361.0,0.0,1202.0,601.0,533.1585,978.0,224.0,3271.0,1090.3334,1190.7856,2361.0,0.0,0.0,0.0,0.0,0.0,104.0,136.0,776.19666,1034.9288,0.0,185.0,41.375,69.77093,4867.982,0.0,0.0,0.0,1.0,0.0,0.0,0.0,0.0,1.0,47.285713,37.0,55.0,104.0,0.0,0.0,0.0,0.0,0.0,0.0,3.0,111.0,4.0,220.0,64240.0,255.0,1.0,32.0,0.0,0.0,0.0,0.0,0.0,0.0,0.0,0.0
8080.0,119.0,2.0,0.0,0.0,0.0,0.0,0.0,0.0,0.0,0.0,0.0,0.0,0.0,0.0,16806.723,119.0,0.0,119.0,119.0,119.0,119.0,0.0,119.0,119.0,0.0,0.0,0.0,0.0,0.0,0.0,0.0,0.0,0.0,64.0,0.0,16806.723,0.0,0.0,0.0,0.0,0.0,0.0,0.0,0.0,0.0,0.0,1.0,0.0,0.0,0.0,0.0,0.0,0.0,0.0,64.0,0.0,0.0,0.0,0.0,0.0,0.0,2.0,0.0,0.0,0.0,251.0,-1.0,0.0,32.0,0.0,0.0,0.0,0.0,0.0,0.0,0.0,0.0
8080.0,3640.0,3.0,4.0,111.0,220.0,111.0,0.0,37.0,64.08588,185.0,0.0,55.0,88.223206,90934.06,1923.0769,606.6667,670.79254,1762.0,0.0,842.0,421.0,439.8204,732.0,110.0,3282.0,1094.0,955.1272,1762.0,0.0,0.0,0.0,0.0,0.0,104.0,136.0,824.17584,1098.9011,0.0,185.0,41.375,69.77093,4867.982,0.0,0.0,0.0,1.0,0.0,0.0,0.0,0.0,1.0,47.285713,37.0,55.0,104.0,0.0,0.0,0.0,0.0,0.0,0.0,3.0,111.0,4.0,220.0,64240.0,255.0,1.0,32.0,0.0,0.0,0.0,0.0,0.0,0.0,0.0,0.0
8080.0,214.0,2.0,0.0,0.0,0.0,0.0,0.0,0.0,0.0,0.0,0.0,0.0,0.0,0.0,9345.794,214.0,0.0,214.0,214.0,214.0,214.0,0.0,214.0,214.0,0.0,0.0,0.0,0.0,0.0,0.0,0.0,0.0,0.0,64.0,0.0,9345.794,0.0,0.0,0.0,0.0,0.0,0.0,0.0,0.0,0.0,0.0,1.0,0.0,0.0,0.0,0.0,0.0,0.0,0.0,64.0,0.0,0.0,0.0,0.0,0.0,0.0,2.0,0.0,0.0,0.0,251.0,-1.0,0.0,32.0,0.0,0.0,0.0,0.0,0.0,0.0,0.0,0.0
8080.0,7370.0,3.0,4.0,111.0,220.0,111.0,0.0,37.0,64.08588,185.0,0.0,55.0,88.223206,44911.805,949.79645,1228.3334,2017.5691,5287.0,0.0,1430.0,715.0,985.70685,1412.0,18.0,6542.0,2180.6667,2762.3787,5287.0,0.0,0.0,0.0,0.0,0.0,104.0,136.0,407.05563,542.74084,0.0,185.0,41.375,69.77093,4867.982,0.0,0.0,0.0,1.0,0.0,0.0,0.0,0.0,1.0,47.285713,37.0,55.0,104.0,0.0,0.0,0.0,0.0,0.0,0.0,3.0,111.0,4.0,220.0,64240.0,255.0,1.0,32.0,0.0,0.0,0.0,0.0,0.0,0.0,0.0,0.0
8080.0,251.0,2.0,0.0,0.0,0.0,0.0,0.0,0.0,0.0,0.0,0.0,0.0,0.0,0.0,7968.1274,251.0,0.0,251.0,251.0,251.0,251.0,0.0,251.0,251.0,0.0,0.0,0.0,0.0,0.0,0.0,0.0,0.0,0.0,64.0,0.0,7968.1274,0.0,0.0,0.0,0.0,0.0,0.0,0.0,0.0,0.0,0.0,1.0,0.0,0.0,0.0,0.0,0.0,0.0,0.0,64.0,0.0,0.0,0.0,0.0,0.0,0.0,2.0,0.0,0.0,0.0,251.0,-1.0,0.0,32.0,0.0,0.0,0.0,0.0,0.0,0.0,0.0,0.0
8080.0,9199.0,3.0,4.0,111.0,220.0,111.0,0.0,37.0,64.08588,185.0,0.0,55.0,88.223206,35982.17,760.9523,1533.1666,2859.5286,7358.0,126.0,1250.0,625.0,705.69257,1124.0,126.0,8566.0,2855.3333,3919.5808,7358.0,207.0,0.0,0.0,0.0,0.0,104.0,136.0,326.1224,434.82986,0.0,185.0,41.375,69.77093,4867.982,0.0,0.0,0.0,1.0,0.0,0.0,0.0,0.0,1.0,47.285713,37.0,55.0,104.0,0.0,0.0,0.0,0.0,0.0,0.0,3.0,111.0,4.0,220.0,64240.0,255.0,1.0,32.0,0.0,0.0,0.0,0.0,0.0,0.0,0.0,0.0
8080.0,251.0,2.0,0.0,0.0,0.0,0.0,0.0,0.0,0.0,0.0,0.0,0.0,0.0,0.0,7968.1274,251.0,0.0,251.0,251.0,251.0,251.0,0.0,251.0,251.0,0.0,0.0,0.0,0.0,0.0,0.0,0.0,0.0,0.0,64.0,0.0,7968.1274,0.0,0.0,0.0,0.0,0.0,0.0,0.0,0.0,0.0,0.0,1.0,0.0,0.0,0.0,0.0,0.0,0.0,0.0,64.0,0.0,0.0,0.0,0.0,0.0,0.0,2.0,0.0,0.0,0.0,251.0,-1.0,0.0,32.0,0.0,0.0,0.0,0.0,0.0,0.0,0.0,0.0
8080.0,3363.0,3.0,4.0,111.0,220.0,111.0,0.0,37.0,64.08588,185.0,0.0,55.0,88.223206,98424.02,2081.4749,560.5,630.421,1759.0,0.0,1204.0,602.0,677.4083,1081.0,123.0,2726.0,908.6667,880.9497,1759.0,0.0,0.0,0.0,0.0,0.0,104.0,136.0,892.06067,1189.4142,0.0,185.0,41.375,69.77093,4867.982,0.0,0.0,0.0,1.0,0.0,0.0,0.0,0.0,1.0,47.285713,37.0,55.0,104.0,0.0,0.0,0.0,0.0,0.0,0.0,3.0,111.0,4.0,220.0,64240.0,255.0,1.0,32.0,0.0,0.0,0.0,0.0,0.0,0.0,0.0,0.0
8080.0,139.0,2.0,0.0,0.0,0.0,0.0,0.0,0.0,0.0,0.0,0.0,0.0,0.0,0.0,14388.489,139.0,0.0,139.0,139.0,139.0,139.0,0.0,139.0,139.0,0.0,0.0,0.0,0.0,0.0,0.0,0.0,0.0,0.0,64.0,0.0,14388.489,0.0,0.0,0.0,0.0,0.0,0.0,0.0,0.0,0.0,0.0,1.0,0.0,0.0,0.0,0.0,0.0,0.0,0.0,64.0,0.0,0.0,0.0,0.0,0.0,0.0,2.0,0.0,0.0,0.0,251.0,-1.0,0.0,32.0,0.0,0.0,0.0,0.0,0.0,0.0,0.0,0.0
8080.0,4174.0,3.0,4.0,111.0,220.0,111.0,0.0,37.0,64.08588,185.0,0.0,55.0,88.223206,79300.43,1677.0483,695.6667,776.88727,2046.0,0.0,1780.0,890.0,1118.643,1681.0,99.0,3024.0,1008.0,1023.32983,2046.0,0.0,0.0,0.0,0.0,0.0,104.0,136.0,718.73505,958.31335,0.0,185.0,41.375,69.77093,4867.982,0.0,0.0,0.0,1.0,0.0,0.0,0.0,0.0,1.0,47.285713,37.0,55.0,104.0,0.0,0.0,0.0,0.0,0.0,0.0,3.0,111.0,4.0,220.0,64240.0,255.0,1.0,32.0,0.0,0.0,0.0,0.0,0.0,0.0,0.0,0.0
8080.0,127.0,2.0,0.0,0.0,0.0,0.0,0.0,0.0,0.0,0.0,0.0,0.0,0.0,0.0,15748.031,127.0,0.0,127.0,127.0,127.0,127.0,0.0,127.0,127.0,0.0,0.0,0.0,0.0,0.0,0.0,0.0,0.0,0.0,64.0,0.0,15748.031,0.0,0.0,0.0,0.0,0.0,0.0,0.0,0.0,0.0,0.0,1.0,0.0,0.0,0.0,0.0,0.0,0.0,0.0,64.0,0.0,0.0,0.0,0.0,0.0,0.0,2.0,0.0,0.0,0.0,251.0,-1.0,0.0,32.0,0.0,0.0,0.0,0.0,0.0,0.0,0.0,0.0
8080.0,2828.0,3.0,4.0,111.0,220.0,111.0,0.0,37.0,64.08588,185.0,0.0,55.0,88.223206,117043.84,2475.2476,471.33334,413.52567,1197.0,0.0,1239.0,619.5,628.6179,1064.0,175.0,2247.0,749.0,652.80396,1197.0,0.0,0.0,0.0,0.0,0.0,104.0,136.0,1060.8203,1414.4271,0.0,185.0,41.375,69.77093,4867.982,0.0,0.0,0.0,1.0,0.0,0.0,0.0,0.0,1.0,47.285713,37.0,55.0,104.0,0.0,0.0,0.0,0.0,0.0,0.0,3.0,111.0,4.0,220.0,64240.0,255.0,1.0,32.0,0.0,0.0,0.0,0.0,0.0,0.0,0.0,0.0
8080.0,186.0,2.0,0.0,0.0,0.0,0.0,0.0,0.0,0.0,0.0,0.0,0.0,0.0,0.0,10752.688,186.0,0.0,186.0,186.0,186.0,186.0,0.0,186.0,186.0,0.0,0.0,0.0,0.0,0.0,0.0,0.0,0.0,0.0,64.0,0.0,10752.688,0.0,0.0,0.0,0.0,0.0,0.0,0.0,0.0,0.0,0.0,1.0,0.0,0.0,0.0,0.0,0.0,0.0,0.0,64.0,0.0,0.0,0.0,0.0,0.0,0.0,2.0,0.0,0.0,0.0,251.0,-1.0,0.0,32.0,0.0,0.0,0.0,0.0,0.0,0.0,0.0,0.0
8080.0,2907.0,3.0,4.0,111.0,220.0,111.0,0.0,37.0,64.08588,185.0,0.0,55.0,88.223206,113863.086,2407.9807,484.5,529.09686,1514.0,67.0,1049.0,524.5,535.27985,903.0,146.0,2402.0,800.6667,723.71423,1514.0,67.0,0.0,0.0,0.0,0.0,104.0,136.0,1031.9917,1375.989,0.0,185.0,41.375,69.77093,4867.982,0.0,0.0,0.0,1.0,0.0,0.0,0.0,0.0,1.0,47.285713,37.0,55.0,104.0,0.0,0.0,0.0,0.0,0.0,0.0,3.0,111.0,4.0,220.0,64240.0,255.0,1.0,32.0,0.0,0.0,0.0,0.0,0.0,0.0,0.0,0.0
8080.0,117.0,2.0,0.0,0.0,0.0,0.0,0.0,0.0,0.0,0.0,0.0,0.0,0.0,0.0,17094.018,117.0,0.0,117.0,117.0,117.0,117.0,0.0,117.0,117.0,0.0,0.0,0.0,0.0,0.0,0.0,0.0,0.0,0.0,64.0,0.0,17094.018,0.0,0.0,0.0,0.0,0.0,0.0,0.0,0.0,0.0,0.0,1.0,0.0,0.0,0.0,0.0,0.0,0.0,0.0,64.0,0.0,0.0,0.0,0.0,0.0,0.0,2.0,0.0,0.0,0.0,251.0,-1.0,0.0,32.0,0.0,0.0,0.0,0.0,0.0,0.0,0.0,0.0
8080.0,3216.0,3.0,4.0,111.0,220.0,111.0,0.0,37.0,64.08588,185.0,0.0,55.0,88.223206,102922.88,2176.617,536.0,506.7891,1429.0,0.0,1448.0,724.0,782.0601,1277.0,171.0,2521.0,840.3333,747.00226,1429.0,0.0,0.0,0.0,0.0,0.0,104.0,136.0,932.8358,1243.7811,0.0,185.0,41.375,69.77093,4867.982,0.0,0.0,0.0,1.0,0.0,0.0,0.0,0.0,1.0,47.285713,37.0,55.0,104.0,0.0,0.0,0.0,0.0,0.0,0.0,3.0,111.0,4.0,220.0,64240.0,255.0,1.0,32.0,0.0,0.0,0.0,0.0,0.0,0.0,0.0,0.0
8080.0,79.0,2.0,0.0,0.0,0.0,0.0,0.0,0.0,0.0,0.0,0.0,0.0,0.0,0.0,25316.455,79.0,0.0,79.0,79.0,79.0,79.0,0.0,79.0,79.0,0.0,0.0,0.0,0.0,0.0,0.0,0.0,0.0,0.0,64.0,0.0,25316.455,0.0,0.0,0.0,0.0,0.0,0.0,0.0,0.0,0.0,0.0,1.0,0.0,0.0,0.0,0.0,0.0,0.0,0.0,64.0,0.0,0.0,0.0,0.0,0.0,0.0,2.0,0.0,0.0,0.0,251.0,-1.0,0.0,32.0,0.0,0.0,0.0,0.0,0.0,0.0,0.0,0.0
8080.0,3705.0,3.0,4.0,111.0,220.0,111.0,0.0,37.0,64.08588,185.0,0.0,55.0,88.223206,89338.734,1889.3387,617.5,754.0005,2051.0,1.0,1208.0,604.0,832.9718,1193.0,15.0,3025.0,1008.3333,1025.4567,2051.0,1.0,0.0,0.0,0.0,0.0,104.0,136.0,809.7166,1079.6222,0.0,185.0,41.375,69.77093,4867.982,0.0,0.0,0.0,1.0,0.0,0.0,0.0,0.0,1.0,47.285713,37.0,55.0,104.0,0.0,0.0,0.0,0.0,0.0,0.0,3.0,111.0,4.0,220.0,64240.0,255.0,1.0,32.0,0.0,0.0,0.0,0.0,0.0,0.0,0.0,0.0
8080.0,71.0,2.0,0.0,0.0,0.0,0.0,0.0,0.0,0.0,0.0,0.0,0.0,0.0,0.0,28169.014,71.0,0.0,71.0,71.0,71.0,71.0,0.0,71.0,71.0,0.0,0.0,0.0,0.0,0.0,0.0,0.0,0.0,0.0,64.0,0.0,28169.014,0.0,0.0,0.0,0.0,0.0,0.0,0.0,0.0,0.0,0.0,1.0,0.0,0.0,0.0,0.0,0.0,0.0,0.0,64.0,0.0,0.0,0.0,0.0,0.0,0.0,2.0,0.0,0.0,0.0,251.0,-1.0,0.0,32.0,0.0,0.0,0.0,0.0,0.0,0.0,0.0,0.0
8080.0,2734.0,3.0,4.0,111.0,220.0,111.0,0.0,37.0,64.08588,185.0,0.0,55.0,88.223206,121068.03,2560.351,455.66666,480.67398,1358.0,0.0,1080.0,540.0,572.7565,945.0,135.0,2214.0,738.0,686.6469,1358.0,0.0,0.0,0.0,0.0,0.0,104.0,136.0,1097.2933,1463.0577,0.0,185.0,41.375,69.77093,4867.982,0.0,0.0,0.0,1.0,0.0,0.0,0.0,0.0,1.0,47.285713,37.0,55.0,104.0,0.0,0.0,0.0,0.0,0.0,0.0,3.0,111.0,4.0,220.0,64240.0,255.0,1.0,32.0,0.0,0.0,0.0,0.0,0.0,0.0,0.0,0.0
8080.0,99.0,2.0,0.0,0.0,0.0,0.0,0.0,0.0,0.0,0.0,0.0,0.0,0.0,0.0,20202.02,99.0,0.0,99.0,99.0,99.0,99.0,0.0,99.0,99.0,0.0,0.0,0.0,0.0,0.0,0.0,0.0,0.0,0.0,64.0,0.0,20202.02,0.0,0.0,0.0,0.0,0.0,0.0,0.0,0.0,0.0,0.0,1.0,0.0,0.0,0.0,0.0,0.0,0.0,0.0,64.0,0.0,0.0,0.0,0.0,0.0,0.0,2.0,0.0,0.0,0.0,251.0,-1.0,0.0,32.0,0.0,0.0,0.0,0.0,0.0,0.0,0.0,0.0
8080.0,3532.0,3.0,4.0,111.0,220.0,111.0,0.0,37.0,64.08588,185.0,0.0,55.0,88.223206,93714.61,1981.88,588.6667,749.63184,2061.0,13.0,955.0,477.5,656.9022,942.0,13.0,3053.0,1017.6667,995.13684,2061.0,79.0,0.0,0.0,0.0,0.0,104.0,136.0,849.37714,1132.5028,0.0,185.0,41.375,69.77093,4867.982,0.0,0.0,0.0,1.0,0.0,0.0,0.0,0.0,1.0,47.285713,37.0,55.0,104.0,0.0,0.0,0.0,0.0,0.0,0.0,3.0,111.0,4.0,220.0,64240.0,255.0,1.0,32.0,0.0,0.0,0.0,0.0,0.0,0.0,0.0,0.0
8080.0,202.0,2.0,0.0,0.0,0.0,0.0,0.0,0.0,0.0,0.0,0.0,0.0,0.0,0.0,9900.99,202.0,0.0,202.0,202.0,202.0,202.0,0.0,202.0,202.0,0.0,0.0,0.0,0.0,0.0,0.0,0.0,0.0,0.0,64.0,0.0,9900.99,0.0,0.0,0.0,0.0,0.0,0.0,0.0,0.0,0.0,0.0,1.0,0.0,0.0,0.0,0.0,0.0,0.0,0.0,64.0,0.0,0.0,0.0,0.0,0.0,0.0,2.0,0.0,0.0,0.0,251.0,-1.0,0.0,32.0,0.0,0.0,0.0,0.0,0.0,0.0,0.0,0.0
8080.0,7471.0,3.0,4.0,111.0,220.0,111.0,0.0,37.0,64.08588,185.0,0.0,55.0,88.223206,44304.645,936.95624,1245.1666,2294.8735,5910.0,1.0,1235.0,617.5,625.7895,1060.0,175.0,6875.0,2291.6667,3170.3462,5910.0,1.0,0.0,0.0,0.0,0.0,104.0,136.0,401.55267,535.40356,0.0,185.0,41.375,69.77093,4867.982,0.0,0.0,0.0,1.0,0.0,0.0,0.0,0.0,1.0,47.285713,37.0,55.0,104.0,0.0,0.0,0.0,0.0,0.0,0.0,3.0,111.0,4.0,220.0,64240.0,255.0,1.0,32.0,0.0,0.0,0.0,0.0,0.0,0.0,0.0,0.0
8080.0,168.0,2.0,0.0,0.0,0.0,0.0,0.0,0.0,0.0,0.0,0.0,0.0,0.0,0.0,11904.762,168.0,0.0,168.0,168.0,168.0,168.0,0.0,168.0,168.0,0.0,0.0,0.0,0.0,0.0,0.0,0.0,0.0,0.0,64.0,0.0,11904.762,0.0,0.0,0.0,0.0,0.0,0.0,0.0,0.0,0.0,0.0,1.0,0.0,0.0,0.0,0.0,0.0,0.0,0.0,64.0,0.0,0.0,0.0,0.0,0.0,0.0,2.0,0.0,0.0,0.0,251.0,-1.0,0.0,32.0,0.0,0.0,0.0,0.0,0.0,0.0,0.0,0.0
8080.0,3730.0,3.0,4.0,111.0,220.0,111.0,0.0,37.0,64.08588,185.0,0.0,55.0,88.223206,88739.945,1876.6757,621.6667,640.66644,1864.0,112.0,1349.0,674.5,700.7428,1170.0,179.0,3103.0,1034.3334,879.66833,1864.0,112.0,0.0,0.0,0.0,0.0,104.0,136.0,804.28955,1072.3861,0.0,185.0,41.375,69.77093,4867.982,0.0,0.0,0.0,1.0,0.0,0.0,0.0,0.0,1.0,47.285713,37.0,55.0,104.0,0.0,0.0,0.0,0.0,0.0,0.0,3.0,111.0,4.0,220.0,64240.0,255.0,1.0,32.0,0.0,0.0,0.0,0.0,0.0,0.0,0.0,0.0
8080.0,264.0,2.0,0.0,0.0,0.0,0.0,0.0,0.0,0.0,0.0,0.0,0.0,0.0,0.0,7575.758,264.0,0.0,264.0,264.0,264.0,264.0,0.0,264.0,264.0,0.0,0.0,0.0,0.0,0.0,0.0,0.0,0.0,0.0,64.0,0.0,7575.758,0.0,0.0,0.0,0.0,0.0,0.0,0.0,0.0,0.0,0.0,1.0,0.0,0.0,0.0,0.0,0.0,0.0,0.0,64.0,0.0,0.0,0.0,0.0,0.0,0.0,2.0,0.0,0.0,0.0,251.0,-1.0,0.0,32.0,0.0,0.0,0.0,0.0,0.0,0.0,0.0,0.0
8080.0,3013.0,3.0,4.0,111.0,220.0,111.0,0.0,37.0,64.08588,185.0,0.0,55.0,88.223206,109857.28,2323.2659,502.16666,598.79895,1637.0,0.0,997.0,498.5,683.7723,982.0,15.0,2518.0,839.3333,819.29504,1637.0,0.0,0.0,0.0,0.0,0.0,104.0,136.0,995.68536,1327.5804,0.0,185.0,41.375,69.77093,4867.982,0.0,0.0,0.0,1.0,0.0,0.0,0.0,0.0,1.0,47.285713,37.0,55.0,104.0,0.0,0.0,0.0,0.0,0.0,0.0,3.0,111.0,4.0,220.0,64240.0,255.0,1.0,32.0,0.0,0.0,0.0,0.0,0.0,0.0,0.0,0.0
8080.0,110.0,2.0,0.0,0.0,0.0,0.0,0.0,0.0,0.0,0.0,0.0,0.0,0.0,0.0,18181.818,110.0,0.0,110.0,110.0,110.0,110.0,0.0,110.0,110.0,0.0,0.0,0.0,0.0,0.0,0.0,0.0,0.0,0.0,64.0,0.0,18181.818,0.0,0.0,0.0,0.0,0.0,0.0,0.0,0.0,0.0,0.0,1.0,0.0,0.0,0.0,0.0,0.0,0.0,0.0,64.0,0.0,0.0,0.0,0.0,0.0,0.0,2.0,0.0,0.0,0.0,251.0,-1.0,0.0,32.0,0.0,0.0,0.0,0.0,0.0,0.0,0.0,0.0
8080.0,2995.0,3.0,4.0,111.0,220.0,111.0,0.0,37.0,64.08588,185.0,0.0,55.0,88.223206,110517.53,2337.2288,499.16666,522.0695,1473.0,0.0,1169.0,584.5,632.8606,1032.0,137.0,2401.0,800.3333,744.7525,1473.0,0.0,0.0,0.0,0.0,0.0,104.0,136.0,1001.66943,1335.5593,0.0,185.0,41.375,69.77093,4867.982,0.0,0.0,0.0,1.0,0.0,0.0,0.0,0.0,1.0,47.285713,37.0,55.0,104.0,0.0,0.0,0.0,0.0,0.0,0.0,3.0,111.0,4.0,220.0,64240.0,255.0,1.0,32.0,0.0,0.0,0.0,0.0,0.0,0.0,0.0,0.0
8080.0,145.0,2.0,0.0,0.0,0.0,0.0,0.0,0.0,0.0,0.0,0.0,0.0,0.0,0.0,13793.104,145.0,0.0,145.0,145.0,145.0,145.0,0.0,145.0,145.0,0.0,0.0,0.0,0.0,0.0,0.0,0.0,0.0,0.0,64.0,0.0,13793.104,0.0,0.0,0.0,0.0,0.0,0.0,0.0,0.0,0.0,0.0,1.0,0.0,0.0,0.0,0.0,0.0,0.0,0.0,64.0,0.0,0.0,0.0,0.0,0.0,0.0,2.0,0.0,0.0,0.0,251.0,-1.0,0.0,32.0,0.0,0.0,0.0,0.0,0.0,0.0,0.0,0.0
8080.0,7024.0,3.0,4.0,111.0,220.0,111.0,0.0,37.0,64.08588,185.0,0.0,55.0,88.223206,47124.145,996.5831,1170.6666,2161.5288,5563.0,0.0,1117.0,558.5,607.4047,988.0,129.0,6447.0,2149.0,2989.4668,5563.0,0.0,0.0,0.0,0.0,0.0,104.0,136.0,427.10706,569.4761,0.0,185.0,41.375,69.77093,4867.982,0.0,0.0,0.0,1.0,0.0,0.0,0.0,0.0,1.0,47.285713,37.0,55.0,104.0,0.0,0.0,0.0,0.0,0.0,0.0,3.0,111.0,4.0,220.0,64240.0,255.0,1.0,32.0,0.0,0.0,0.0,0.0,0.0,0.0,0.0,0.0
8080.0,331.0,2.0,0.0,0.0,0.0,0.0,0.0,0.0,0.0,0.0,0.0,0.0,0.0,0.0,6042.296,331.0,0.0,331.0,331.0,331.0,331.0,0.0,331.0,331.0,0.0,0.0,0.0,0.0,0.0,0.0,0.0,0.0,0.0,64.0,0.0,6042.296,0.0,0.0,0.0,0.0,0.0,0.0,0.0,0.0,0.0,0.0,1.0,0.0,0.0,0.0,0.0,0.0,0.0,0.0,64.0,0.0,0.0,0.0,0.0,0.0,0.0,2.0,0.0,0.0,0.0,251.0,-1.0,0.0,32.0,0.0,0.0,0.0,0.0,0.0,0.0,0.0,0.0
8080.0,73965.0,3.0,4.0,111.0,220.0,111.0,0.0,37.0,64.08588,185.0,0.0,55.0,88.223206,4475.0894,94.63936,12327.5,26459.277,66229.0,379.0,6412.0,3206.0,3661.399,5795.0,617.0,69095.0,23031.666,37413.17,66229.0,945.0,0.0,0.0,0.0,0.0,104.0,136.0,40.559723,54.07963,0.0,185.0,41.375,69.77093,4867.982,0.0,0.0,0.0,1.0,0.0,0.0,0.0,0.0,1.0,47.285713,37.0,55.0,104.0,0.0,0.0,0.0,0.0,0.0,0.0,3.0,111.0,4.0,220.0,64240.0,255.0,1.0,32.0,0.0,0.0,0.0,0.0,0.0,0.0,0.0,0.0
8080.0,1706.0,2.0,0.0,0.0,0.0,0.0,0.0,0.0,0.0,0.0,0.0,0.0,0.0,0.0,1172.3329,1706.0,0.0,1706.0,1706.0,1706.0,1706.0,0.0,1706.0,1706.0,0.0,0.0,0.0,0.0,0.0,0.0,0.0,0.0,0.0,64.0,0.0,1172.3329,0.0,0.0,0.0,0.0,0.0,0.0,0.0,0.0,0.0,0.0,1.0,0.0,0.0,0.0,0.0,0.0,0.0,0.0,64.0,0.0,0.0,0.0,0.0,0.0,0.0,2.0,0.0,0.0,0.0,251.0,-1.0,0.0,32.0,0.0,0.0,0.0,0.0,0.0,0.0,0.0,0.0
8080.0,3735.0,3.0,4.0,111.0,220.0,111.0,0.0,37.0,64.08588,185.0,0.0,55.0,88.223206,88621.15,1874.1633,622.5,713.9848,1990.0,18.0,1195.0,597.5,819.53674,1177.0,18.0,3082.0,1027.3334,945.4953,1990.0,100.0,0.0,0.0,0.0,0.0,104.0,136.0,803.2128,1070.9504,0.0,185.0,41.375,69.77093,4867.982,0.0,0.0,0.0,1.0,0.0,0.0,0.0,0.0,1.0,47.285713,37.0,55.0,104.0,0.0,0.0,0.0,0.0,0.0,0.0,3.0,111.0,4.0,220.0,64240.0,255.0,1.0,32.0,0.0,0.0,0.0,0.0,0.0,0.0,0.0,0.0
8080.0,202.0,2.0,0.0,0.0,0.0,0.0,0.0,0.0,0.0,0.0,0.0,0.0,0.0,0.0,9900.99,202.0,0.0,202.0,202.0,202.0,202.0,0.0,202.0,202.0,0.0,0.0,0.0,0.0,0.0,0.0,0.0,0.0,0.0,64.0,0.0,9900.99,0.0,0.0,0.0,0.0,0.0,0.0,0.0,0.0,0.0,0.0,1.0,0.0,0.0,0.0,0.0,0.0,0.0,0.0,64.0,0.0,0.0,0.0,0.0,0.0,0.0,2.0,0.0,0.0,0.0,251.0,-1.0,0.0,32.0,0.0,0.0,0.0,0.0,0.0,0.0,0.0,0.0
8080.0,2921.0,3.0,4.0,111.0,220.0,111.0,0.0,37.0,64.08588,185.0,0.0,55.0,88.223206,113317.36,2396.4397,486.83334,460.7574,1343.0,0.0,1117.0,558.5,502.75293,914.0,203.0,2399.0,799.6667,707.2428,1343.0,0.0,0.0,0.0,0.0,0.0,104.0,136.0,1027.0455,1369.394,0.0,185.0,41.375,69.77093,4867.982,0.0,0.0,0.0,1.0,0.0,0.0,0.0,0.0,1.0,47.285713,37.0,55.0,104.0,0.0,0.0,0.0,0.0,0.0,0.0,3.0,111.0,4.0,220.0,64240.0,255.0,1.0,32.0,0.0,0.0,0.0,0.0,0.0,0.0,0.0,0.0
8080.0,135.0,2.0,0.0,0.0,0.0,0.0,0.0,0.0,0.0,0.0,0.0,0.0,0.0,0.0,14814.814,135.0,0.0,135.0,135.0,135.0,135.0,0.0,135.0,135.0,0.0,0.0,0.0,0.0,0.0,0.0,0.0,0.0,0.0,64.0,0.0,14814.814,0.0,0.0,0.0,0.0,0.0,0.0,0.0,0.0,0.0,0.0,1.0,0.0,0.0,0.0,0.0,0.0,0.0,0.0,64.0,0.0,0.0,0.0,0.0,0.0,0.0,2.0,0.0,0.0,0.0,251.0,-1.0,0.0,32.0,0.0,0.0,0.0,0.0,0.0,0.0,0.0,0.0
8080.0,6409.0,3.0,4.0,111.0,220.0,111.0,0.0,37.0,64.08588,185.0,0.0,55.0,88.223206,51646.12,1092.2141,1068.1666,1563.938,4179.0,29.0,1646.0,823.0,1122.8856,1617.0,29.0,5387.0,1795.6666,2113.7986,4179.0,148.0,0.0,0.0,0.0,0.0,104.0,136.0,468.09174,624.1223,0.0,185.0,41.375,69.77093,4867.982,0.0,0.0,0.0,1.0,0.0,0.0,0.0,0.0,1.0,47.285713,37.0,55.0,104.0,0.0,0.0,0.0,0.0,0.0,0.0,3.0,111.0,4.0,220.0,64240.0,255.0,1.0,32.0,0.0,0.0,0.0,0.0,0.0,0.0,0.0,0.0
8080.0,272.0,2.0,0.0,0.0,0.0,0.0,0.0,0.0,0.0,0.0,0.0,0.0,0.0,0.0,7352.9414,272.0,0.0,272.0,272.0,272.0,272.0,0.0,272.0,272.0,0.0,0.0,0.0,0.0,0.0,0.0,0.0,0.0,0.0,64.0,0.0,7352.9414,0.0,0.0,0.0,0.0,0.0,0.0,0.0,0.0,0.0,0.0,1.0,0.0,0.0,0.0,0.0,0.0,0.0,0.0,64.0,0.0,0.0,0.0,0.0,0.0,0.0,2.0,0.0,0.0,0.0,251.0,-1.0,0.0,32.0,0.0,0.0,0.0,0.0,0.0,0.0,0.0,0.0
8080.0,4578.0,3.0,4.0,111.0,220.0,111.0,0.0,37.0,64.08588,185.0,0.0,55.0,88.223206,72302.31,1529.052,763.0,759.55383,2136.0,118.0,1909.0,954.5,1170.2617,1782.0,127.0,3575.0,1191.6666,1015.1977,2136.0,118.0,0.0,0.0,0.0,0.0,104.0,136.0,655.308,873.744,0.0,185.0,41.375,69.77093,4867.982,0.0,0.0,0.0,1.0,0.0,0.0,0.0,0.0,1.0,47.285713,37.0,55.0,104.0,0.0,0.0,0.0,0.0,0.0,0.0,3.0,111.0,4.0,220.0,64240.0,255.0,1.0,32.0,0.0,0.0,0.0,0.0,0.0,0.0,0.0,0.0
8080.0,161.0,2.0,0.0,0.0,0.0,0.0,0.0,0.0,0.0,0.0,0.0,0.0,0.0,0.0,12422.36,161.0,0.0,161.0,161.0,161.0,161.0,0.0,161.0,161.0,0.0,0.0,0.0,0.0,0.0,0.0,0.0,0.0,0.0,64.0,0.0,12422.36,0.0,0.0,0.0,0.0,0.0,0.0,0.0,0.0,0.0,0.0,1.0,0.0,0.0,0.0,0.0,0.0,0.0,0.0,64.0,0.0,0.0,0.0,0.0,0.0,0.0,2.0,0.0,0.0,0.0,251.0,-1.0,0.0,32.0,0.0,0.0,0.0,0.0,0.0,0.0,0.0,0.0
8080.0,4710.0,3.0,4.0,111.0,220.0,111.0,0.0,37.0,64.08588,185.0,0.0,55.0,88.223206,70276.01,1486.1996,785.0,787.2568,2329.0,122.0,1516.0,758.0,899.4398,1394.0,122.0,4081.0,1360.3334,964.527,2329.0,400.0,0.0,0.0,0.0,0.0,104.0,136.0,636.9427,849.2569,0.0,185.0,41.375,69.77093,4867.982,0.0,0.0,0.0,1.0,0.0,0.0,0.0,0.0,1.0,47.285713,37.0,55.0,104.0,0.0,0.0,0.0,0.0,0.0,0.0,3.0,111.0,4.0,220.0,64240.0,255.0,1.0,32.0,0.0,0.0,0.0,0.0,0.0,0.0,0.0,0.0
8080.0,298.0,2.0,0.0,0.0,0.0,0.0,0.0,0.0,0.0,0.0,0.0,0.0,0.0,0.0,6711.409,298.0,0.0,298.0,298.0,298.0,298.0,0.0,298.0,298.0,0.0,0.0,0.0,0.0,0.0,0.0,0.0,0.0,0.0,64.0,0.0,6711.409,0.0,0.0,0.0,0.0,0.0,0.0,0.0,0.0,0.0,0.0,1.0,0.0,0.0,0.0,0.0,0.0,0.0,0.0,64.0,0.0,0.0,0.0,0.0,0.0,0.0,2.0,0.0,0.0,0.0,251.0,-1.0,0.0,32.0,0.0,0.0,0.0,0.0,0.0,0.0,0.0,0.0
8080.0,3247.0,3.0,4.0,111.0,220.0,111.0,0.0,37.0,64.08588,185.0,0.0,55.0,88.223206,101940.25,2155.8362,541.1667,595.25806,1680.0,0.0,1249.0,624.5,620.1326,1063.0,186.0,2662.0,887.3333,843.99133,1680.0,0.0,0.0,0.0,0.0,0.0,104.0,136.0,923.9298,1231.9064,0.0,185.0,41.375,69.77093,4867.982,0.0,0.0,0.0,1.0,0.0,0.0,0.0,0.0,1.0,47.285713,37.0,55.0,104.0,0.0,0.0,0.0,0.0,0.0,0.0,3.0,111.0,4.0,220.0,64240.0,255.0,1.0,32.0,0.0,0.0,0.0,0.0,0.0,0.0,0.0,0.0
8080.0,235.0,2.0,0.0,0.0,0.0,0.0,0.0,0.0,0.0,0.0,0.0,0.0,0.0,0.0,8510.639,235.0,0.0,235.0,235.0,235.0,235.0,0.0,235.0,235.0,0.0,0.0,0.0,0.0,0.0,0.0,0.0,0.0,0.0,64.0,0.0,8510.639,0.0,0.0,0.0,0.0,0.0,0.0,0.0,0.0,0.0,0.0,1.0,0.0,0.0,0.0,0.0,0.0,0.0,0.0,64.0,0.0,0.0,0.0,0.0,0.0,0.0,2.0,0.0,0.0,0.0,251.0,-1.0,0.0,32.0,0.0,0.0,0.0,0.0,0.0,0.0,0.0,0.0
8080.0,5877.0,3.0,4.0,111.0,220.0,111.0,0.0,37.0,64.08588,185.0,0.0,55.0,88.223206,56321.254,1191.0839,979.5,1584.9951,4184.0,0.0,1337.0,668.5,659.73065,1135.0,202.0,5315.0,1771.6666,2164.3254,4184.0,0.0,0.0,0.0,0.0,0.0,104.0,136.0,510.4645,680.6194,0.0,185.0,41.375,69.77093,4867.982,0.0,0.0,0.0,1.0,0.0,0.0,0.0,0.0,1.0,47.285713,37.0,55.0,104.0,0.0,0.0,0.0,0.0,0.0,0.0,3.0,111.0,4.0,220.0,64240.0,255.0,1.0,32.0,0.0,0.0,0.0,0.0,0.0,0.0,0.0,0.0
8080.0,244.0,2.0,0.0,0.0,0.0,0.0,0.0,0.0,0.0,0.0,0.0,0.0,0.0,0.0,8196.722,244.0,0.0,244.0,244.0,244.0,244.0,0.0,244.0,244.0,0.0,0.0,0.0,0.0,0.0,0.0,0.0,0.0,0.0,64.0,0.0,8196.722,0.0,0.0,0.0,0.0,0.0,0.0,0.0,0.0,0.0,0.0,1.0,0.0,0.0,0.0,0.0,0.0,0.0,0.0,64.0,0.0,0.0,0.0,0.0,0.0,0.0,2.0,0.0,0.0,0.0,251.0,-1.0,0.0,32.0,0.0,0.0,0.0,0.0,0.0,0.0,0.0,0.0
8080.0,3731.0,3.0,4.0,111.0,220.0,111.0,0.0,37.0,64.08588,185.0,0.0,55.0,88.223206,88716.164,1876.1726,621.8333,742.09796,2086.0,1.0,1253.0,626.5,535.27985,1005.0,248.0,3191.0,1063.6666,1043.085,2086.0,1.0,0.0,0.0,0.0,0.0,104.0,136.0,804.074,1072.0986,0.0,185.0,41.375,69.77093,4867.982,0.0,0.0,0.0,1.0,0.0,0.0,0.0,0.0,1.0,47.285713,37.0,55.0,104.0,0.0,0.0,0.0,0.0,0.0,0.0,3.0,111.0,4.0,220.0,64240.0,255.0,1.0,32.0,0.0,0.0,0.0,0.0,0.0,0.0,0.0,0.0
8080.0,136.0,2.0,0.0,0.0,0.0,0.0,0.0,0.0,0.0,0.0,0.0,0.0,0.0,0.0,14705.883,136.0,0.0,136.0,136.0,136.0,136.0,0.0,136.0,136.0,0.0,0.0,0.0,0.0,0.0,0.0,0.0,0.0,0.0,64.0,0.0,14705.883,0.0,0.0,0.0,0.0,0.0,0.0,0.0,0.0,0.0,0.0,1.0,0.0,0.0,0.0,0.0,0.0,0.0,0.0,64.0,0.0,0.0,0.0,0.0,0.0,0.0,2.0,0.0,0.0,0.0,251.0,-1.0,0.0,32.0,0.0,0.0,0.0,0.0,0.0,0.0,0.0,0.0
8080.0,3674.0,3.0,4.0,111.0,220.0,111.0,0.0,37.0,64.08588,185.0,0.0,55.0,88.223206,90092.54,1905.2804,612.3333,526.80457,1363.0,164.0,1816.0,908.0,1047.9323,1649.0,167.0,2492.0,830.6667,610.6835,1363.0,164.0,0.0,0.0,0.0,0.0,104.0,136.0,816.5487,1088.7316,0.0,185.0,41.375,69.77093,4867.982,0.0,0.0,0.0,1.0,0.0,0.0,0.0,0.0,1.0,47.285713,37.0,55.0,104.0,0.0,0.0,0.0,0.0,0.0,0.0,3.0,111.0,4.0,220.0,64240.0,255.0,1.0,32.0,0.0,0.0,0.0,0.0,0.0,0.0,0.0,0.0
8080.0,202.0,2.0,0.0,0.0,0.0,0.0,0.0,0.0,0.0,0.0,0.0,0.0,0.0,0.0,9900.99,202.0,0.0,202.0,202.0,202.0,202.0,0.0,202.0,202.0,0.0,0.0,0.0,0.0,0.0,0.0,0.0,0.0,0.0,64.0,0.0,9900.99,0.0,0.0,0.0,0.0,0.0,0.0,0.0,0.0,0.0,0.0,1.0,0.0,0.0,0.0,0.0,0.0,0.0,0.0,64.0,0.0,0.0,0.0,0.0,0.0,0.0,2.0,0.0,0.0,0.0,251.0,-1.0,0.0,32.0,0.0,0.0,0.0,0.0,0.0,0.0,0.0,0.0
8080.0,2965.0,3.0,4.0,111.0,220.0,111.0,0.0,37.0,64.08588,185.0,0.0,55.0,88.223206,111635.75,2360.877,494.16666,563.6529,1546.0,0.0,998.0,499.0,688.722,986.0,12.0,2464.0,821.3333,777.52,1546.0,0.0,0.0,0.0,0.0,0.0,104.0,136.0,1011.8044,1349.0725,0.0,185.0,41.375,69.77093,4867.982,0.0,0.0,0.0,1.0,0.0,0.0,0.0,0.0,1.0,47.285713,37.0,55.0,104.0,0.0,0.0,0.0,0.0,0.0,0.0,3.0,111.0,4.0,220.0,64240.0,255.0,1.0,32.0,0.0,0.0,0.0,0.0,0.0,0.0,0.0,0.0
8080.0,187.0,2.0,0.0,0.0,0.0,0.0,0.0,0.0,0.0,0.0,0.0,0.0,0.0,0.0,10695.1875,187.0,0.0,187.0,187.0,187.0,187.0,0.0,187.0,187.0,0.0,0.0,0.0,0.0,0.0,0.0,0.0,0.0,0.0,64.0,0.0,10695.1875,0.0,0.0,0.0,0.0,0.0,0.0,0.0,0.0,0.0,0.0,1.0,0.0,0.0,0.0,0.0,0.0,0.0,0.0,64.0,0.0,0.0,0.0,0.0,0.0,0.0,2.0,0.0,0.0,0.0,251.0,-1.0,0.0,32.0,0.0,0.0,0.0,0.0,0.0,0.0,0.0,0.0
8080.0,4380.0,3.0,4.0,111.0,220.0,111.0,0.0,37.0,64.08588,185.0,0.0,55.0,88.223206,75570.77,1598.1735,730.0,927.06354,2540.0,0.0,1341.0,670.5,770.0393,1215.0,126.0,3631.0,1210.3334,1274.1979,2540.0,0.0,0.0,0.0,0.0,0.0,104.0,136.0,684.9315,913.242,0.0,185.0,41.375,69.77093,4867.982,0.0,0.0,0.0,1.0,0.0,0.0,0.0,0.0,1.0,47.285713,37.0,55.0,104.0,0.0,0.0,0.0,0.0,0.0,0.0,3.0,111.0,4.0,220.0,64240.0,255.0,1.0,32.0,0.0,0.0,0.0,0.0,0.0,0.0,0.0,0.0
8080.0,119.0,2.0,0.0,0.0,0.0,0.0,0.0,0.0,0.0,0.0,0.0,0.0,0.0,0.0,16806.723,119.0,0.0,119.0,119.0,119.0,119.0,0.0,119.0,119.0,0.0,0.0,0.0,0.0,0.0,0.0,0.0,0.0,0.0,64.0,0.0,16806.723,0.0,0.0,0.0,0.0,0.0,0.0,0.0,0.0,0.0,0.0,1.0,0.0,0.0,0.0,0.0,0.0,0.0,0.0,64.0,0.0,0.0,0.0,0.0,0.0,0.0,2.0,0.0,0.0,0.0,251.0,-1.0,0.0,32.0,0.0,0.0,0.0,0.0,0.0,0.0,0.0,0.0
8080.0,4327.0,3.0,4.0,111.0,220.0,111.0,0.0,37.0,64.08588,185.0,0.0,55.0,88.223206,76496.414,1617.749,721.1667,692.8767,1983.0,0.0,1418.0,709.0,610.94025,1141.0,277.0,3798.0,1266.0,1099.6013,1983.0,0.0,0.0,0.0,0.0,0.0,104.0,136.0,693.321,924.42804,0.0,185.0,41.375,69.77093,4867.982,0.0,0.0,0.0,1.0,0.0,0.0,0.0,0.0,1.0,47.285713,37.0,55.0,104.0,0.0,0.0,0.0,0.0,0.0,0.0,3.0,111.0,4.0,220.0,64240.0,255.0,1.0,32.0,0.0,0.0,0.0,0.0,0.0,0.0,0.0,0.0
8080.0,1151.0,2.0,0.0,0.0,0.0,0.0,0.0,0.0,0.0,0.0,0.0,0.0,0.0,0.0,1737.6195,1151.0,0.0,1151.0,1151.0,1151.0,1151.0,0.0,1151.0,1151.0,0.0,0.0,0.0,0.0,0.0,0.0,0.0,0.0,0.0,64.0,0.0,1737.6195,0.0,0.0,0.0,0.0,0.0,0.0,0.0,0.0,0.0,0.0,1.0,0.0,0.0,0.0,0.0,0.0,0.0,0.0,64.0,0.0,0.0,0.0,0.0,0.0,0.0,2.0,0.0,0.0,0.0,251.0,-1.0,0.0,32.0,0.0,0.0,0.0,0.0,0.0,0.0,0.0,0.0
8080.0,6821.0,3.0,4.0,111.0,220.0,111.0,0.0,37.0,64.08588,185.0,0.0,55.0,88.223206,48526.61,1026.2424,1136.8334,2174.809,5556.0,1.0,913.0,456.5,630.03217,902.0,11.0,6325.0,2108.3333,3010.2952,5556.0,1.0,0.0,0.0,0.0,0.0,104.0,136.0,439.8182,586.42426,0.0,185.0,41.375,69.77093,4867.982,0.0,0.0,0.0,1.0,0.0,0.0,0.0,0.0,1.0,47.285713,37.0,55.0,104.0,0.0,0.0,0.0,0.0,0.0,0.0,3.0,111.0,4.0,220.0,64240.0,255.0,1.0,32.0,0.0,0.0,0.0,0.0,0.0,0.0,0.0,0.0
8080.0,157.0,2.0,0.0,0.0,0.0,0.0,0.0,0.0,0.0,0.0,0.0,0.0,0.0,0.0,12738.854,157.0,0.0,157.0,157.0,157.0,157.0,0.0,157.0,157.0,0.0,0.0,0.0,0.0,0.0,0.0,0.0,0.0,0.0,64.0,0.0,12738.854,0.0,0.0,0.0,0.0,0.0,0.0,0.0,0.0,0.0,0.0,1.0,0.0,0.0,0.0,0.0,0.0,0.0,0.0,64.0,0.0,0.0,0.0,0.0,0.0,0.0,2.0,0.0,0.0,0.0,251.0,-1.0,0.0,32.0,0.0,0.0,0.0,0.0,0.0,0.0,0.0,0.0
8080.0,3413.0,3.0,4.0,111.0,220.0,111.0,0.0,37.0,64.08588,185.0,0.0,55.0,88.223206,96982.125,2050.9814,568.8333,655.90045,1870.0,103.0,1068.0,534.0,609.52606,965.0,103.0,2896.0,965.3333,846.67426,1870.0,192.0,0.0,0.0,0.0,0.0,104.0,136.0,878.99207,1171.9895,0.0,185.0,41.375,69.77093,4867.982,0.0,0.0,0.0,1.0,0.0,0.0,0.0,0.0,1.0,47.285713,37.0,55.0,104.0,0.0,0.0,0.0,0.0,0.0,0.0,3.0,111.0,4.0,220.0,64240.0,255.0,1.0,32.0,0.0,0.0,0.0,0.0,0.0,0.0,0.0,0.0
8080.0,205.0,2.0,0.0,0.0,0.0,0.0,0.0,0.0,0.0,0.0,0.0,0.0,0.0,0.0,9756.098,205.0,0.0,205.0,205.0,205.0,205.0,0.0,205.0,205.0,0.0,0.0,0.0,0.0,0.0,0.0,0.0,0.0,0.0,64.0,0.0,9756.098,0.0,0.0,0.0,0.0,0.0,0.0,0.0,0.0,0.0,0.0,1.0,0.0,0.0,0.0,0.0,0.0,0.0,0.0,64.0,0.0,0.0,0.0,0.0,0.0,0.0,2.0,0.0,0.0,0.0,251.0,-1.0,0.0,32.0,0.0,0.0,0.0,0.0,0.0,0.0,0.0,0.0
8080.0,5933.0,3.0,4.0,111.0,220.0,111.0,0.0,37.0,64.08588,185.0,0.0,55.0,88.223206,55789.652,1179.8416,988.8333,1131.7356,3160.0,145.0,2048.0,1024.0,1243.0938,1903.0,145.0,4704.0,1568.0,1482.5225,3160.0,227.0,0.0,0.0,0.0,0.0,104.0,136.0,505.6464,674.1952,0.0,185.0,41.375,69.77093,4867.982,0.0,0.0,0.0,1.0,0.0,0.0,0.0,0.0,1.0,47.285713,37.0,55.0,104.0,0.0,0.0,0.0,0.0,0.0,0.0,3.0,111.0,4.0,220.0,64240.0,255.0,1.0,32.0,0.0,0.0,0.0,0.0,0.0,0.0,0.0,0.0
8080.0,112.0,2.0,0.0,0.0,0.0,0.0,0.0,0.0,0.0,0.0,0.0,0.0,0.0,0.0,17857.143,112.0,0.0,112.0,112.0,112.0,112.0,0.0,112.0,112.0,0.0,0.0,0.0,0.0,0.0,0.0,0.0,0.0,0.0,64.0,0.0,17857.143,0.0,0.0,0.0,0.0,0.0,0.0,0.0,0.0,0.0,0.0,1.0,0.0,0.0,0.0,0.0,0.0,0.0,0.0,64.0,0.0,0.0,0.0,0.0,0.0,0.0,2.0,0.0,0.0,0.0,251.0,-1.0,0.0,32.0,0.0,0.0,0.0,0.0,0.0,0.0,0.0,0.0
8080.0,3984.0,3.0,4.0,111.0,220.0,111.0,0.0,37.0,64.08588,185.0,0.0,55.0,88.223206,83082.33,1757.0281,664.0,789.3362,2193.0,0.0,1343.0,671.5,743.16925,1197.0,146.0,3305.0,1101.6666,1096.5365,2193.0,0.0,0.0,0.0,0.0,0.0,104.0,136.0,753.012,1004.01605,0.0,185.0,41.375,69.77093,4867.982,0.0,0.0,0.0,1.0,0.0,0.0,0.0,0.0,1.0,47.285713,37.0,55.0,104.0,0.0,0.0,0.0,0.0,0.0,0.0,3.0,111.0,4.0,220.0,64240.0,255.0,1.0,32.0,0.0,0.0,0.0,0.0,0.0,0.0,0.0,0.0
8080.0,122.0,2.0,0.0,0.0,0.0,0.0,0.0,0.0,0.0,0.0,0.0,0.0,0.0,0.0,16393.443,122.0,0.0,122.0,122.0,122.0,122.0,0.0,122.0,122.0,0.0,0.0,0.0,0.0,0.0,0.0,0.0,0.0,0.0,64.0,0.0,16393.443,0.0,0.0,0.0,0.0,0.0,0.0,0.0,0.0,0.0,0.0,1.0,0.0,0.0,0.0,0.0,0.0,0.0,0.0,64.0,0.0,0.0,0.0,0.0,0.0,0.0,2.0,0.0,0.0,0.0,251.0,-1.0,0.0,32.0,0.0,0.0,0.0,0.0,0.0,0.0,0.0,0.0
8080.0,4522.0,3.0,4.0,111.0,220.0,111.0,0.0,37.0,64.08588,185.0,0.0,55.0,88.223206,73197.7,1547.9877,753.6667,896.97125,2517.0,162.0,1428.0,714.0,780.6459,1266.0,162.0,3681.0,1227.0,1180.0317,2517.0,202.0,0.0,0.0,0.0,0.0,104.0,136.0,663.4233,884.56433,0.0,185.0,41.375,69.77093,4867.982,0.0,0.0,0.0,1.0,0.0,0.0,0.0,0.0,1.0,47.285713,37.0,55.0,104.0,0.0,0.0,0.0,0.0,0.0,0.0,3.0,111.0,4.0,220.0,64240.0,255.0,1.0,32.0,0.0,0.0,0.0,0.0,0.0,0.0,0.0,0.0
8080.0,308.0,2.0,0.0,0.0,0.0,0.0,0.0,0.0,0.0,0.0,0.0,0.0,0.0,0.0,6493.5063,308.0,0.0,308.0,308.0,308.0,308.0,0.0,308.0,308.0,0.0,0.0,0.0,0.0,0.0,0.0,0.0,0.0,0.0,64.0,0.0,6493.5063,0.0,0.0,0.0,0.0,0.0,0.0,0.0,0.0,0.0,0.0,1.0,0.0,0.0,0.0,0.0,0.0,0.0,0.0,64.0,0.0,0.0,0.0,0.0,0.0,0.0,2.0,0.0,0.0,0.0,251.0,-1.0,0.0,32.0,0.0,0.0,0.0,0.0,0.0,0.0,0.0,0.0
8080.0,4195.0,3.0,4.0,111.0,220.0,111.0,0.0,37.0,64.08588,185.0,0.0,55.0,88.223206,78903.45,1668.6532,699.1667,924.3972,2564.0,129.0,986.0,493.0,514.77374,857.0,129.0,3701.0,1233.6666,1210.2108,2564.0,198.0,0.0,0.0,0.0,0.0,104.0,136.0,715.1371,953.5161,0.0,185.0,41.375,69.77093,4867.982,0.0,0.0,0.0,1.0,0.0,0.0,0.0,0.0,1.0,47.285713,37.0,55.0,104.0,0.0,0.0,0.0,0.0,0.0,0.0,3.0,111.0,4.0,220.0,64240.0,255.0,1.0,32.0,0.0,0.0,0.0,0.0,0.0,0.0,0.0,0.0
8080.0,259.0,2.0,0.0,0.0,0.0,0.0,0.0,0.0,0.0,0.0,0.0,0.0,0.0,0.0,7722.008,259.0,0.0,259.0,259.0,259.0,259.0,0.0,259.0,259.0,0.0,0.0,0.0,0.0,0.0,0.0,0.0,0.0,0.0,64.0,0.0,7722.008,0.0,0.0,0.0,0.0,0.0,0.0,0.0,0.0,0.0,0.0,1.0,0.0,0.0,0.0,0.0,0.0,0.0,0.0,64.0,0.0,0.0,0.0,0.0,0.0,0.0,2.0,0.0,0.0,0.0,251.0,-1.0,0.0,32.0,0.0,0.0,0.0,0.0,0.0,0.0,0.0,0.0
8080.0,3055.0,3.0,4.0,111.0,220.0,111.0,0.0,37.0,64.08588,185.0,0.0,55.0,88.223206,108346.97,2291.3257,509.16666,468.33127,1345.0,0.0,1365.0,682.5,682.35803,1165.0,200.0,2420.0,806.6667,711.5183,1345.0,0.0,0.0,0.0,0.0,0.0,104.0,136.0,981.9967,1309.329,0.0,185.0,41.375,69.77093,4867.982,0.0,0.0,0.0,1.0,0.0,0.0,0.0,0.0,1.0,47.285713,37.0,55.0,104.0,0.0,0.0,0.0,0.0,0.0,0.0,3.0,111.0,4.0,220.0,64240.0,255.0,1.0,32.0,0.0,0.0,0.0,0.0,0.0,0.0,0.0,0.0
8080.0,138.0,2.0,0.0,0.0,0.0,0.0,0.0,0.0,0.0,0.0,0.0,0.0,0.0,0.0,14492.754,138.0,0.0,138.0,138.0,138.0,138.0,0.0,138.0,138.0,0.0,0.0,0.0,0.0,0.0,0.0,0.0,0.0,0.0,64.0,0.0,14492.754,0.0,0.0,0.0,0.0,0.0,0.0,0.0,0.0,0.0,0.0,1.0,0.0,0.0,0.0,0.0,0.0,0.0,0.0,64.0,0.0,0.0,0.0,0.0,0.0,0.0,2.0,0.0,0.0,0.0,251.0,-1.0,0.0,32.0,0.0,0.0,0.0,0.0,0.0,0.0,0.0,0.0
8080.0,3235.0,3.0,4.0,111.0,220.0,111.0,0.0,37.0,64.08588,185.0,0.0,55.0,88.223206,102318.39,2163.833,539.1667,515.30164,1299.0,0.0,1570.0,785.0,1090.3586,1556.0,14.0,2316.0,772.0,683.27814,1299.0,0.0,0.0,0.0,0.0,0.0,104.0,136.0,927.35706,1236.4761,0.0,185.0,41.375,69.77093,4867.982,0.0,0.0,0.0,1.0,0.0,0.0,0.0,0.0,1.0,47.285713,37.0,55.0,104.0,0.0,0.0,0.0,0.0,0.0,0.0,3.0,111.0,4.0,220.0,64240.0,255.0,1.0,32.0,0.0,0.0,0.0,0.0,0.0,0.0,0.0,0.0
8080.0,151.0,2.0,0.0,0.0,0.0,0.0,0.0,0.0,0.0,0.0,0.0,0.0,0.0,0.0,13245.033,151.0,0.0,151.0,151.0,151.0,151.0,0.0,151.0,151.0,0.0,0.0,0.0,0.0,0.0,0.0,0.0,0.0,0.0,64.0,0.0,13245.033,0.0,0.0,0.0,0.0,0.0,0.0,0.0,0.0,0.0,0.0,1.0,0.0,0.0,0.0,0.0,0.0,0.0,0.0,64.0,0.0,0.0,0.0,0.0,0.0,0.0,2.0,0.0,0.0,0.0,251.0,-1.0,0.0,32.0,0.0,0.0,0.0,0.0,0.0,0.0,0.0,0.0
8080.0,3097.0,3.0,4.0,111.0,220.0,111.0,0.0,37.0,64.08588,185.0,0.0,55.0,88.223206,106877.625,2260.252,516.1667,546.05145,1524.0,0.0,1271.0,635.5,724.7844,1148.0,123.0,2495.0,831.6667,771.4949,1524.0,0.0,0.0,0.0,0.0,0.0,104.0,136.0,968.6794,1291.5725,0.0,185.0,41.375,69.77093,4867.982,0.0,0.0,0.0,1.0,0.0,0.0,0.0,0.0,1.0,47.285713,37.0,55.0,104.0,0.0,0.0,0.0,0.0,0.0,0.0,3.0,111.0,4.0,220.0,64240.0,255.0,1.0,32.0,0.0,0.0,0.0,0.0,0.0,0.0,0.0,0.0
8080.0,123.0,2.0,0.0,0.0,0.0,0.0,0.0,0.0,0.0,0.0,0.0,0.0,0.0,0.0,16260.163,123.0,0.0,123.0,123.0,123.0,123.0,0.0,123.0,123.0,0.0,0.0,0.0,0.0,0.0,0.0,0.0,0.0,0.0,64.0,0.0,16260.163,0.0,0.0,0.0,0.0,0.0,0.0,0.0,0.0,0.0,0.0,1.0,0.0,0.0,0.0,0.0,0.0,0.0,0.0,64.0,0.0,0.0,0.0,0.0,0.0,0.0,2.0,0.0,0.0,0.0,251.0,-1.0,0.0,32.0,0.0,0.0,0.0,0.0,0.0,0.0,0.0,0.0
8080.0,2935.0,3.0,4.0,111.0,220.0,111.0,0.0,37.0,64.08588,185.0,0.0,55.0,88.223206,112776.83,2385.0085,489.16666,421.69534,1311.0,140.0,1035.0,517.5,533.8656,895.0,140.0,2432.0,810.6667,540.1447,1311.0,238.0,0.0,0.0,0.0,0.0,104.0,136.0,1022.1465,1362.862,0.0,185.0,41.375,69.77093,4867.982,0.0,0.0,0.0,1.0,0.0,0.0,0.0,0.0,1.0,47.285713,37.0,55.0,104.0,0.0,0.0,0.0,0.0,0.0,0.0,3.0,111.0,4.0,220.0,64240.0,255.0,1.0,32.0,0.0,0.0,0.0,0.0,0.0,0.0,0.0,0.0
8080.0,571.0,2.0,0.0,0.0,0.0,0.0,0.0,0.0,0.0,0.0,0.0,0.0,0.0,0.0,3502.627,571.0,0.0,571.0,571.0,571.0,571.0,0.0,571.0,571.0,0.0,0.0,0.0,0.0,0.0,0.0,0.0,0.0,0.0,64.0,0.0,3502.627,0.0,0.0,0.0,0.0,0.0,0.0,0.0,0.0,0.0,0.0,1.0,0.0,0.0,0.0,0.0,0.0,0.0,0.0,64.0,0.0,0.0,0.0,0.0,0.0,0.0,2.0,0.0,0.0,0.0,251.0,-1.0,0.0,32.0,0.0,0.0,0.0,0.0,0.0,0.0,0.0,0.0
8080.0,2958.0,3.0,4.0,111.0,220.0,111.0,0.0,37.0,64.08588,185.0,0.0,55.0,88.223206,111899.93,2366.4639,493.0,353.71344,1173.0,188.0,1155.0,577.5,550.8362,967.0,188.0,2455.0,818.3333,488.61163,1173.0,261.0,0.0,0.0,0.0,0.0,104.0,136.0,1014.1988,1352.265,0.0,185.0,41.375,69.77093,4867.982,0.0,0.0,0.0,1.0,0.0,0.0,0.0,0.0,1.0,47.285713,37.0,55.0,104.0,0.0,0.0,0.0,0.0,0.0,0.0,3.0,111.0,4.0,220.0,64240.0,255.0,1.0,32.0,0.0,0.0,0.0,0.0,0.0,0.0,0.0,0.0
8080.0,340.0,2.0,0.0,0.0,0.0,0.0,0.0,0.0,0.0,0.0,0.0,0.0,0.0,0.0,5882.353,340.0,0.0,340.0,340.0,340.0,340.0,0.0,340.0,340.0,0.0,0.0,0.0,0.0,0.0,0.0,0.0,0.0,0.0,64.0,0.0,5882.353,0.0,0.0,0.0,0.0,0.0,0.0,0.0,0.0,0.0,0.0,1.0,0.0,0.0,0.0,0.0,0.0,0.0,0.0,64.0,0.0,0.0,0.0,0.0,0.0,0.0,2.0,0.0,0.0,0.0,251.0,-1.0,0.0,32.0,0.0,0.0,0.0,0.0,0.0,0.0,0.0,0.0
8080.0,6931.0,3.0,4.0,111.0,220.0,111.0,0.0,37.0,64.08588,185.0,0.0,55.0,88.223206,47756.457,1009.95526,1155.1666,1702.6339,4602.0,239.0,1538.0,769.0,749.5332,1299.0,239.0,6072.0,2024.0,2276.1396,4602.0,292.0,0.0,0.0,0.0,0.0,104.0,136.0,432.83798,577.1173,0.0,185.0,41.375,69.77093,4867.982,0.0,0.0,0.0,1.0,0.0,0.0,0.0,0.0,1.0,47.285713,37.0,55.0,104.0,0.0,0.0,0.0,0.0,0.0,0.0,3.0,111.0,4.0,220.0,64240.0,255.0,1.0,32.0,0.0,0.0,0.0,0.0,0.0,0.0,0.0,0.0
8080.0,540.0,2.0,0.0,0.0,0.0,0.0,0.0,0.0,0.0,0.0,0.0,0.0,0.0,0.0,3703.7036,540.0,0.0,540.0,540.0,540.0,540.0,0.0,540.0,540.0,0.0,0.0,0.0,0.0,0.0,0.0,0.0,0.0,0.0,64.0,0.0,3703.7036,0.0,0.0,0.0,0.0,0.0,0.0,0.0,0.0,0.0,0.0,1.0,0.0,0.0,0.0,0.0,0.0,0.0,0.0,64.0,0.0,0.0,0.0,0.0,0.0,0.0,2.0,0.0,0.0,0.0,251.0,-1.0,0.0,32.0,0.0,0.0,0.0,0.0,0.0,0.0,0.0,0.0
8080.0,8029.0,3.0,4.0,111.0,220.0,111.0,0.0,37.0,64.08588,185.0,0.0,55.0,88.223206,41225.56,871.8396,1338.1666,1480.4866,4256.0,177.0,1668.0,834.0,929.1383,1491.0,177.0,7326.0,2442.0,1577.6476,4256.0,1390.0,0.0,0.0,0.0,0.0,104.0,136.0,373.64554,498.19406,0.0,185.0,41.375,69.77093,4867.982,0.0,0.0,0.0,1.0,0.0,0.0,0.0,0.0,1.0,47.285713,37.0,55.0,104.0,0.0,0.0,0.0,0.0,0.0,0.0,3.0,111.0,4.0,220.0,64240.0,255.0,1.0,32.0,0.0,0.0,0.0,0.0,0.0,0.0,0.0,0.0
8080.0,583.0,2.0,0.0,0.0,0.0,0.0,0.0,0.0,0.0,0.0,0.0,0.0,0.0,0.0,3430.5317,583.0,0.0,583.0,583.0,583.0,583.0,0.0,583.0,583.0,0.0,0.0,0.0,0.0,0.0,0.0,0.0,0.0,0.0,64.0,0.0,3430.5317,0.0,0.0,0.0,0.0,0.0,0.0,0.0,0.0,0.0,0.0,1.0,0.0,0.0,0.0,0.0,0.0,0.0,0.0,64.0,0.0,0.0,0.0,0.0,0.0,0.0,2.0,0.0,0.0,0.0,251.0,-1.0,0.0,32.0,0.0,0.0,0.0,0.0,0.0,0.0,0.0,0.0
8080.0,2865.0,3.0,4.0,111.0,220.0,111.0,0.0,37.0,64.08588,185.0,0.0,55.0,88.223206,115532.29,2443.281,477.5,473.70276,1274.0,1.0,1198.0,599.0,824.4865,1182.0,16.0,2189.0,729.6667,656.2136,1274.0,1.0,0.0,0.0,0.0,0.0,104.0,136.0,1047.1204,1396.1605,0.0,185.0,41.375,69.77093,4867.982,0.0,0.0,0.0,1.0,0.0,0.0,0.0,0.0,1.0,47.285713,37.0,55.0,104.0,0.0,0.0,0.0,0.0,0.0,0.0,3.0,111.0,4.0,220.0,64240.0,255.0,1.0,32.0,0.0,0.0,0.0,0.0,0.0,0.0,0.0,0.0
8080.0,53.0,2.0,0.0,0.0,0.0,0.0,0.0,0.0,0.0,0.0,0.0,0.0,0.0,0.0,37735.848,53.0,0.0,53.0,53.0,53.0,53.0,0.0,53.0,53.0,0.0,0.0,0.0,0.0,0.0,0.0,0.0,0.0,0.0,64.0,0.0,37735.848,0.0,0.0,0.0,0.0,0.0,0.0,0.0,0.0,0.0,0.0,1.0,0.0,0.0,0.0,0.0,0.0,0.0,0.0,64.0,0.0,0.0,0.0,0.0,0.0,0.0,2.0,0.0,0.0,0.0,251.0,-1.0,0.0,32.0,0.0,0.0,0.0,0.0,0.0,0.0,0.0,0.0
8080.0,3531.0,3.0,4.0,111.0,220.0,111.0,0.0,37.0,64.08588,185.0,0.0,55.0,88.223206,93741.15,1982.4413,588.5,629.08844,1783.0,1.0,1344.0,672.0,695.7931,1164.0,180.0,3001.0,1000.3333,910.54346,1783.0,1.0,0.0,0.0,0.0,0.0,104.0,136.0,849.6177,1132.8236,0.0,185.0,41.375,69.77093,4867.982,0.0,0.0,0.0,1.0,0.0,0.0,0.0,0.0,1.0,47.285713,37.0,55.0,104.0,0.0,0.0,0.0,0.0,0.0,0.0,3.0,111.0,4.0,220.0,64240.0,255.0,1.0,32.0,0.0,0.0,0.0,0.0,0.0,0.0,0.0,0.0
8080.0,274.0,2.0,0.0,0.0,0.0,0.0,0.0,0.0,0.0,0.0,0.0,0.0,0.0,0.0,7299.27,274.0,0.0,274.0,274.0,274.0,274.0,0.0,274.0,274.0,0.0,0.0,0.0,0.0,0.0,0.0,0.0,0.0,0.0,64.0,0.0,7299.27,0.0,0.0,0.0,0.0,0.0,0.0,0.0,0.0,0.0,0.0,1.0,0.0,0.0,0.0,0.0,0.0,0.0,0.0,64.0,0.0,0.0,0.0,0.0,0.0,0.0,2.0,0.0,0.0,0.0,251.0,-1.0,0.0,32.0,0.0,0.0,0.0,0.0,0.0,0.0,0.0,0.0
8080.0,6234.0,3.0,4.0,111.0,220.0,111.0,0.0,37.0,64.08588,185.0,0.0,55.0,88.223206,53095.926,1122.8745,1039.0,1274.3287,3328.0,0.0,2419.0,1209.5,1554.9279,2309.0,110.0,4529.0,1509.6666,1685.3345,3328.0,0.0,0.0,0.0,0.0,0.0,104.0,136.0,481.23196,641.6426,0.0,185.0,41.375,69.77093,4867.982,0.0,0.0,0.0,1.0,0.0,0.0,0.0,0.0,1.0,47.285713,37.0,55.0,104.0,0.0,0.0,0.0,0.0,0.0,0.0,3.0,111.0,4.0,220.0,64240.0,255.0,1.0,32.0,0.0,0.0,0.0,0.0,0.0,0.0,0.0,0.0
8080.0,101.0,2.0,0.0,0.0,0.0,0.0,0.0,0.0,0.0,0.0,0.0,0.0,0.0,0.0,19801.98,101.0,0.0,101.0,101.0,101.0,101.0,0.0,101.0,101.0,0.0,0.0,0.0,0.0,0.0,0.0,0.0,0.0,0.0,64.0,0.0,19801.98,0.0,0.0,0.0,0.0,0.0,0.0,0.0,0.0,0.0,0.0,1.0,0.0,0.0,0.0,0.0,0.0,0.0,0.0,64.0,0.0,0.0,0.0,0.0,0.0,0.0,2.0,0.0,0.0,0.0,251.0,-1.0,0.0,32.0,0.0,0.0,0.0,0.0,0.0,0.0,0.0,0.0
8080.0,5480.0,3.0,4.0,111.0,220.0,111.0,0.0,37.0,64.08588,185.0,0.0,55.0,88.223206,60401.46,1277.3723,913.3333,1131.3119,3153.0,127.0,1222.0,611.0,684.4794,1095.0,127.0,4830.0,1610.0,1336.9529,3153.0,796.0,0.0,0.0,0.0,0.0,104.0,136.0,547.44525,729.927,0.0,185.0,41.375,69.77093,4867.982,0.0,0.0,0.0,1.0,0.0,0.0,0.0,0.0,1.0,47.285713,37.0,55.0,104.0,0.0,0.0,0.0,0.0,0.0,0.0,3.0,111.0,4.0,220.0,64240.0,255.0,1.0,32.0,0.0,0.0,0.0,0.0,0.0,0.0,0.0,0.0
8080.0,124.0,2.0,0.0,0.0,0.0,0.0,0.0,0.0,0.0,0.0,0.0,0.0,0.0,0.0,16129.032,124.0,0.0,124.0,124.0,124.0,124.0,0.0,124.0,124.0,0.0,0.0,0.0,0.0,0.0,0.0,0.0,0.0,0.0,64.0,0.0,16129.032,0.0,0.0,0.0,0.0,0.0,0.0,0.0,0.0,0.0,0.0,1.0,0.0,0.0,0.0,0.0,0.0,0.0,0.0,64.0,0.0,0.0,0.0,0.0,0.0,0.0,2.0,0.0,0.0,0.0,251.0,-1.0,0.0,32.0,0.0,0.0,0.0,0.0,0.0,0.0,0.0,0.0
8080.0,19405.0,4.0,5.0,111.0,220.0,111.0,0.0,27.75,55.5,185.0,0.0,44.0,80.26518,17057.459,463.798,2425.625,4592.5596,13662.0,150.0,17867.0,5955.6665,7779.5474,14795.0,150.0,17126.0,4281.5,6289.0444,13662.0,229.0,0.0,0.0,0.0,0.0,136.0,168.0,206.13245,257.66556,0.0,185.0,33.1,63.957363,4090.5444,0.0,0.0,0.0,1.0,0.0,0.0,0.0,0.0,1.0,36.77778,27.75,44.0,136.0,0.0,0.0,0.0,0.0,0.0,0.0,4.0,111.0,5.0,220.0,64240.0,255.0,1.0,32.0,0.0,0.0,0.0,0.0,0.0,0.0,0.0,0.0
8080.0,1258.0,2.0,0.0,0.0,0.0,0.0,0.0,0.0,0.0,0.0,0.0,0.0,0.0,0.0,1589.8251,1258.0,0.0,1258.0,1258.0,1258.0,1258.0,0.0,1258.0,1258.0,0.0,0.0,0.0,0.0,0.0,0.0,0.0,0.0,0.0,64.0,0.0,1589.8251,0.0,0.0,0.0,0.0,0.0,0.0,0.0,0.0,0.0,0.0,1.0,0.0,0.0,0.0,0.0,0.0,0.0,0.0,64.0,0.0,0.0,0.0,0.0,0.0,0.0,2.0,0.0,0.0,0.0,251.0,-1.0,0.0,32.0,0.0,0.0,0.0,0.0,0.0,0.0,0.0,0.0
8080.0,2404.0,3.0,4.0,111.0,220.0,111.0,0.0,37.0,64.08588,185.0,0.0,55.0,88.223206,137687.19,2911.8137,400.66666,339.24307,944.0,0.0,1010.0,505.0,606.69763,934.0,76.0,1898.0,632.6667,547.9282,954.0,0.0,0.0,0.0,0.0,0.0,104.0,136.0,1247.9202,1663.8936,0.0,185.0,41.375,69.77093,4867.982,0.0,0.0,0.0,1.0,0.0,0.0,0.0,0.0,1.0,47.285713,37.0,55.0,104.0,0.0,0.0,0.0,0.0,0.0,0.0,3.0,111.0,4.0,220.0,64240.0,255.0,1.0,32.0,0.0,0.0,0.0,0.0,0.0,0.0,0.0,0.0
8080.0,100.0,2.0,0.0,0.0,0.0,0.0,0.0,0.0,0.0,0.0,0.0,0.0,0.0,0.0,20000.0,100.0,0.0,100.0,100.0,100.0,100.0,0.0,100.0,100.0,0.0,0.0,0.0,0.0,0.0,0.0,0.0,0.0,0.0,64.0,0.0,20000.0,0.0,0.0,0.0,0.0,0.0,0.0,0.0,0.0,0.0,0.0,1.0,0.0,0.0,0.0,0.0,0.0,0.0,0.0,64.0,0.0,0.0,0.0,0.0,0.0,0.0,2.0,0.0,0.0,0.0,251.0,-1.0,0.0,32.0,0.0,0.0,0.0,0.0,0.0,0.0,0.0,0.0
8080.0,2959.0,3.0,4.0,111.0,220.0,111.0,0.0,37.0,64.08588,185.0,0.0,55.0,88.223206,111862.12,2365.664,493.16666,481.51196,1319.0,0.0,1305.0,652.5,802.5662,1220.0,85.0,2262.0,754.0,679.50793,1319.0,0.0,0.0,0.0,0.0,0.0,104.0,136.0,1013.856,1351.808,0.0,185.0,41.375,69.77093,4867.982,0.0,0.0,0.0,1.0,0.0,0.0,0.0,0.0,1.0,47.285713,37.0,55.0,104.0,0.0,0.0,0.0,0.0,0.0,0.0,3.0,111.0,4.0,220.0,64240.0,255.0,1.0,32.0,0.0,0.0,0.0,0.0,0.0,0.0,0.0,0.0
8080.0,154.0,2.0,0.0,0.0,0.0,0.0,0.0,0.0,0.0,0.0,0.0,0.0,0.0,0.0,12987.013,154.0,0.0,154.0,154.0,154.0,154.0,0.0,154.0,154.0,0.0,0.0,0.0,0.0,0.0,0.0,0.0,0.0,0.0,64.0,0.0,12987.013,0.0,0.0,0.0,0.0,0.0,0.0,0.0,0.0,0.0,0.0,1.0,0.0,0.0,0.0,0.0,0.0,0.0,0.0,64.0,0.0,0.0,0.0,0.0,0.0,0.0,2.0,0.0,0.0,0.0,251.0,-1.0,0.0,32.0,0.0,0.0,0.0,0.0,0.0,0.0,0.0,0.0
8080.0,3289.0,3.0,4.0,111.0,220.0,111.0,0.0,37.0,64.08588,185.0,0.0,55.0,88.223206,100638.49,2128.3064,548.1667,518.0882,1382.0,0.0,1443.0,721.5,994.89923,1425.0,18.0,2531.0,843.6667,739.86646,1382.0,0.0,0.0,0.0,0.0,0.0,104.0,136.0,912.13135,1216.1752,0.0,185.0,41.375,69.77093,4867.982,0.0,0.0,0.0,1.0,0.0,0.0,0.0,0.0,1.0,47.285713,37.0,55.0,104.0,0.0,0.0,0.0,0.0,0.0,0.0,3.0,111.0,4.0,220.0,64240.0,255.0,1.0,32.0,0.0,0.0,0.0,0.0,0.0,0.0,0.0,0.0
8080.0,103.0,2.0,0.0,0.0,0.0,0.0,0.0,0.0,0.0,0.0,0.0,0.0,0.0,0.0,19417.477,103.0,0.0,103.0,103.0,103.0,103.0,0.0,103.0,103.0,0.0,0.0,0.0,0.0,0.0,0.0,0.0,0.0,0.0,64.0,0.0,19417.477,0.0,0.0,0.0,0.0,0.0,0.0,0.0,0.0,0.0,0.0,1.0,0.0,0.0,0.0,0.0,0.0,0.0,0.0,64.0,0.0,0.0,0.0,0.0,0.0,0.0,2.0,0.0,0.0,0.0,251.0,-1.0,0.0,32.0,0.0,0.0,0.0,0.0,0.0,0.0,0.0,0.0
8080.0,5041.0,3.0,4.0,111.0,220.0,111.0,0.0,37.0,64.08588,185.0,0.0,55.0,88.223206,65661.58,1388.6134,840.1667,1139.7314,3132.0,127.0,1426.0,713.0,623.66815,1154.0,272.0,4326.0,1442.0,1537.1971,3132.0,127.0,0.0,0.0,0.0,0.0,104.0,136.0,595.12,793.49335,0.0,185.0,41.375,69.77093,4867.982,0.0,0.0,0.0,1.0,0.0,0.0,0.0,0.0,1.0,47.285713,37.0,55.0,104.0,0.0,0.0,0.0,0.0,0.0,0.0,3.0,111.0,4.0,220.0,64240.0,255.0,1.0,32.0,0.0,0.0,0.0,0.0,0.0,0.0,0.0,0.0
8080.0,159.0,2.0,0.0,0.0,0.0,0.0,0.0,0.0,0.0,0.0,0.0,0.0,0.0,0.0,12578.616,159.0,0.0,159.0,159.0,159.0,159.0,0.0,159.0,159.0,0.0,0.0,0.0,0.0,0.0,0.0,0.0,0.0,0.0,64.0,0.0,12578.616,0.0,0.0,0.0,0.0,0.0,0.0,0.0,0.0,0.0,0.0,1.0,0.0,0.0,0.0,0.0,0.0,0.0,0.0,64.0,0.0,0.0,0.0,0.0,0.0,0.0,2.0,0.0,0.0,0.0,251.0,-1.0,0.0,32.0,0.0,0.0,0.0,0.0,0.0,0.0,0.0,0.0
8080.0,2381.0,3.0,4.0,111.0,220.0,111.0,0.0,37.0,64.08588,185.0,0.0,55.0,88.223206,139017.22,2939.9412,396.83334,365.88547,1080.0,123.0,973.0,486.5,514.06665,850.0,123.0,1871.0,623.6667,479.4709,1080.0,124.0,0.0,0.0,0.0,0.0,104.0,136.0,1259.9749,1679.9664,0.0,185.0,41.375,69.77093,4867.982,0.0,0.0,0.0,1.0,0.0,0.0,0.0,0.0,1.0,47.285713,37.0,55.0,104.0,0.0,0.0,0.0,0.0,0.0,0.0,3.0,111.0,4.0,220.0,64240.0,255.0,1.0,32.0,0.0,0.0,0.0,0.0,0.0,0.0,0.0,0.0
8080.0,175.0,2.0,0.0,0.0,0.0,0.0,0.0,0.0,0.0,0.0,0.0,0.0,0.0,0.0,11428.571,175.0,0.0,175.0,175.0,175.0,175.0,0.0,175.0,175.0,0.0,0.0,0.0,0.0,0.0,0.0,0.0,0.0,0.0,64.0,0.0,11428.571,0.0,0.0,0.0,0.0,0.0,0.0,0.0,0.0,0.0,0.0,1.0,0.0,0.0,0.0,0.0,0.0,0.0,0.0,64.0,0.0,0.0,0.0,0.0,0.0,0.0,2.0,0.0,0.0,0.0,251.0,-1.0,0.0,32.0,0.0,0.0,0.0,0.0,0.0,0.0,0.0,0.0
8080.0,2518.0,3.0,4.0,111.0,220.0,111.0,0.0,37.0,64.08588,185.0,0.0,55.0,88.223206,131453.53,2779.9841,419.66666,429.21866,1227.0,0.0,852.0,426.0,414.36456,719.0,133.0,2117.0,705.6667,633.92926,1227.0,0.0,0.0,0.0,0.0,0.0,104.0,136.0,1191.4218,1588.5624,0.0,185.0,41.375,69.77093,4867.982,0.0,0.0,0.0,1.0,0.0,0.0,0.0,0.0,1.0,47.285713,37.0,55.0,104.0,0.0,0.0,0.0,0.0,0.0,0.0,3.0,111.0,4.0,220.0,64240.0,255.0,1.0,32.0,0.0,0.0,0.0,0.0,0.0,0.0,0.0,0.0
8080.0,157.0,2.0,0.0,0.0,0.0,0.0,0.0,0.0,0.0,0.0,0.0,0.0,0.0,0.0,12738.854,157.0,0.0,157.0,157.0,157.0,157.0,0.0,157.0,157.0,0.0,0.0,0.0,0.0,0.0,0.0,0.0,0.0,0.0,64.0,0.0,12738.854,0.0,0.0,0.0,0.0,0.0,0.0,0.0,0.0,0.0,0.0,1.0,0.0,0.0,0.0,0.0,0.0,0.0,0.0,64.0,0.0,0.0,0.0,0.0,0.0,0.0,2.0,0.0,0.0,0.0,251.0,-1.0,0.0,32.0,0.0,0.0,0.0,0.0,0.0,0.0,0.0,0.0
8080.0,1577.0,3.0,4.0,111.0,220.0,111.0,0.0,37.0,64.08588,185.0,0.0,55.0,88.223206,209892.2,4438.808,262.83334,215.48218,529.0,1.0,819.0,409.5,490.025,756.0,63.0,1087.0,362.33334,313.23688,557.0,1.0,0.0,0.0,0.0,0.0,104.0,136.0,1902.3462,2536.4617,0.0,185.0,41.375,69.77093,4867.982,0.0,0.0,0.0,1.0,0.0,0.0,0.0,0.0,1.0,47.285713,37.0,55.0,104.0,0.0,0.0,0.0,0.0,0.0,0.0,3.0,111.0,4.0,220.0,64240.0,255.0,1.0,32.0,0.0,0.0,0.0,0.0,0.0,0.0,0.0,0.0
8080.0,78.0,2.0,0.0,0.0,0.0,0.0,0.0,0.0,0.0,0.0,0.0,0.0,0.0,0.0,25641.025,78.0,0.0,78.0,78.0,78.0,78.0,0.0,78.0,78.0,0.0,0.0,0.0,0.0,0.0,0.0,0.0,0.0,0.0,64.0,0.0,25641.025,0.0,0.0,0.0,0.0,0.0,0.0,0.0,0.0,0.0,0.0,1.0,0.0,0.0,0.0,0.0,0.0,0.0,0.0,64.0,0.0,0.0,0.0,0.0,0.0,0.0,2.0,0.0,0.0,0.0,251.0,-1.0,0.0,32.0,0.0,0.0,0.0,0.0,0.0,0.0,0.0,0.0
8080.0,1600.0,3.0,4.0,111.0,220.0,111.0,0.0,37.0,64.08588,185.0,0.0,55.0,88.223206,206875.0,4375.0,266.66666,228.22241,581.0,0.0,753.0,376.5,521.1377,745.0,8.0,1203.0,401.0,347.88074,622.0,0.0,0.0,0.0,0.0,0.0,104.0,136.0,1875.0,2500.0,0.0,185.0,41.375,69.77093,4867.982,0.0,0.0,0.0,1.0,0.0,0.0,0.0,0.0,1.0,47.285713,37.0,55.0,104.0,0.0,0.0,0.0,0.0,0.0,0.0,3.0,111.0,4.0,220.0,64240.0,255.0,1.0,32.0,0.0,0.0,0.0,0.0,0.0,0.0,0.0,0.0
8080.0,10.0,2.0,0.0,0.0,0.0,0.0,0.0,0.0,0.0,0.0,0.0,0.0,0.0,0.0,200000.0,10.0,0.0,10.0,10.0,10.0,10.0,0.0,10.0,10.0,0.0,0.0,0.0,0.0,0.0,0.0,0.0,0.0,0.0,64.0,0.0,200000.0,0.0,0.0,0.0,0.0,0.0,0.0,0.0,0.0,0.0,0.0,1.0,0.0,0.0,0.0,0.0,0.0,0.0,0.0,64.0,0.0,0.0,0.0,0.0,0.0,0.0,2.0,0.0,0.0,0.0,251.0,-1.0,0.0,32.0,0.0,0.0,0.0,0.0,0.0,0.0,0.0,0.0
8080.0,8206.0,3.0,4.0,111.0,220.0,111.0,0.0,37.0,64.08588,185.0,0.0,55.0,88.223206,40336.34,853.03436,1367.6666,1478.5562,3650.0,20.0,4535.0,2267.5,3178.445,4515.0,20.0,4556.0,1518.6666,1276.3892,2738.0,192.0,0.0,0.0,0.0,0.0,104.0,136.0,365.58615,487.4482,0.0,185.0,41.375,69.77093,4867.982,0.0,0.0,0.0,1.0,0.0,0.0,0.0,0.0,1.0,47.285713,37.0,55.0,104.0,0.0,0.0,0.0,0.0,0.0,0.0,3.0,111.0,4.0,220.0,64240.0,255.0,1.0,32.0,0.0,0.0,0.0,0.0,0.0,0.0,0.0,0.0
8080.0,222.0,2.0,0.0,0.0,0.0,0.0,0.0,0.0,0.0,0.0,0.0,0.0,0.0,0.0,9009.009,222.0,0.0,222.0,222.0,222.0,222.0,0.0,222.0,222.0,0.0,0.0,0.0,0.0,0.0,0.0,0.0,0.0,0.0,64.0,0.0,9009.009,0.0,0.0,0.0,0.0,0.0,0.0,0.0,0.0,0.0,0.0,1.0,0.0,0.0,0.0,0.0,0.0,0.0,0.0,64.0,0.0,0.0,0.0,0.0,0.0,0.0,2.0,0.0,0.0,0.0,251.0,-1.0,0.0,32.0,0.0,0.0,0.0,0.0,0.0,0.0,0.0,0.0
8080.0,3138.0,3.0,4.0,111.0,220.0,111.0,0.0,37.0,64.08588,185.0,0.0,55.0,88.223206,105481.195,2230.7202,523.0,556.1022,1577.0,0.0,1129.0,564.5,603.1621,991.0,138.0,2599.0,866.3333,799.94147,1577.0,0.0,0.0,0.0,0.0,0.0,104.0,136.0,956.02295,1274.6973,0.0,185.0,41.375,69.77093,4867.982,0.0,0.0,0.0,1.0,0.0,0.0,0.0,0.0,1.0,47.285713,37.0,55.0,104.0,0.0,0.0,0.0,0.0,0.0,0.0,3.0,111.0,4.0,220.0,64240.0,255.0,1.0,32.0,0.0,0.0,0.0,0.0,0.0,0.0,0.0,0.0
8080.0,164.0,2.0,0.0,0.0,0.0,0.0,0.0,0.0,0.0,0.0,0.0,0.0,0.0,0.0,12195.122,164.0,0.0,164.0,164.0,164.0,164.0,0.0,164.0,164.0,0.0,0.0,0.0,0.0,0.0,0.0,0.0,0.0,0.0,64.0,0.0,12195.122,0.0,0.0,0.0,0.0,0.0,0.0,0.0,0.0,0.0,0.0,1.0,0.0,0.0,0.0,0.0,0.0,0.0,0.0,64.0,0.0,0.0,0.0,0.0,0.0,0.0,2.0,0.0,0.0,0.0,251.0,-1.0,0.0,32.0,0.0,0.0,0.0,0.0,0.0,0.0,0.0,0.0
8080.0,2210.0,3.0,4.0,111.0,220.0,111.0,0.0,37.0,64.08588,185.0,0.0,55.0,88.223206,149773.75,3167.421,368.33334,442.96262,1210.0,0.0,717.0,358.5,491.4392,706.0,11.0,1829.0,609.6667,605.054,1210.0,0.0,0.0,0.0,0.0,0.0,104.0,136.0,1357.4661,1809.9547,0.0,185.0,41.375,69.77093,4867.982,0.0,0.0,0.0,1.0,0.0,0.0,0.0,0.0,1.0,47.285713,37.0,55.0,104.0,0.0,0.0,0.0,0.0,0.0,0.0,3.0,111.0,4.0,220.0,64240.0,255.0,1.0,32.0,0.0,0.0,0.0,0.0,0.0,0.0,0.0,0.0
8080.0,98.0,2.0,0.0,0.0,0.0,0.0,0.0,0.0,0.0,0.0,0.0,0.0,0.0,0.0,20408.164,98.0,0.0,98.0,98.0,98.0,98.0,0.0,98.0,98.0,0.0,0.0,0.0,0.0,0.0,0.0,0.0,0.0,0.0,64.0,0.0,20408.164,0.0,0.0,0.0,0.0,0.0,0.0,0.0,0.0,0.0,0.0,1.0,0.0,0.0,0.0,0.0,0.0,0.0,0.0,64.0,0.0,0.0,0.0,0.0,0.0,0.0,2.0,0.0,0.0,0.0,251.0,-1.0,0.0,32.0,0.0,0.0,0.0,0.0,0.0,0.0,0.0,0.0
8080.0,7640.0,3.0,4.0,111.0,220.0,111.0,0.0,37.0,64.08588,185.0,0.0,55.0,88.223206,43324.605,916.23035,1273.3334,2541.8477,6453.0,0.0,936.0,468.0,427.0925,770.0,166.0,7205.0,2401.6667,3528.6475,6453.0,0.0,0.0,0.0,0.0,0.0,104.0,136.0,392.67017,523.5602,0.0,185.0,41.375,69.77093,4867.982,0.0,0.0,0.0,1.0,0.0,0.0,0.0,0.0,1.0,47.285713,37.0,55.0,104.0,0.0,0.0,0.0,0.0,0.0,0.0,3.0,111.0,4.0,220.0,64240.0,255.0,1.0,32.0,0.0,0.0,0.0,0.0,0.0,0.0,0.0,0.0
8080.0,1195.0,1.0,1.0,0.0,35.0,0.0,0.0,0.0,0.0,35.0,35.0,35.0,0.0,29288.703,1673.6401,1195.0,0.0,1195.0,1195.0,0.0,0.0,0.0,0.0,0.0,0.0,0.0,0.0,0.0,0.0,0.0,0.0,0.0,0.0,32.0,32.0,836.82007,836.82007,0.0,35.0,11.666667,20.20726,408.33334,0.0,0.0,0.0,0.0,1.0,0.0,0.0,0.0,1.0,17.5,0.0,35.0,32.0,0.0,0.0,0.0,0.0,0.0,0.0,1.0,0.0,1.0,35.0,251.0,255.0,0.0,32.0,0.0,0.0,0.0,0.0,0.0,0.0,0.0,0.0
8080.0,20.0,2.0,0.0,0.0,0.0,0.0,0.0,0.0,0.0,0.0,0.0,0.0,0.0,0.0,100000.0,20.0,0.0,20.0,20.0,20.0,20.0,0.0,20.0,20.0,0.0,0.0,0.0,0.0,0.0,0.0,0.0,0.0,0.0,76.0,0.0,100000.0,0.0,0.0,0.0,0.0,0.0,0.0,0.0,0.0,0.0,0.0,1.0,0.0,0.0,0.0,0.0,0.0,0.0,0.0,76.0,0.0,0.0,0.0,0.0,0.0,0.0,2.0,0.0,0.0,0.0,251.0,-1.0,0.0,32.0,0.0,0.0,0.0,0.0,0.0,0.0,0.0,0.0
8080.0,5361.0,3.0,4.0,111.0,220.0,111.0,0.0,37.0,64.08588,185.0,0.0,55.0,88.223206,61742.21,1305.7266,893.5,1262.0868,3342.0,69.0,1739.0,869.5,976.51447,1560.0,179.0,4202.0,1400.6666,1719.5646,3342.0,69.0,0.0,0.0,0.0,0.0,104.0,136.0,559.5971,746.12946,0.0,185.0,41.375,69.77093,4867.982,0.0,0.0,0.0,1.0,0.0,0.0,0.0,0.0,1.0,47.285713,37.0,55.0,104.0,0.0,0.0,0.0,0.0,0.0,0.0,3.0,111.0,4.0,220.0,64240.0,255.0,1.0,32.0,0.0,0.0,0.0,0.0,0.0,0.0,0.0,0.0
8080.0,622.0,2.0,0.0,0.0,0.0,0.0,0.0,0.0,0.0,0.0,0.0,0.0,0.0,0.0,3215.434,622.0,0.0,622.0,622.0,622.0,622.0,0.0,622.0,622.0,0.0,0.0,0.0,0.0,0.0,0.0,0.0,0.0,0.0,64.0,0.0,3215.434,0.0,0.0,0.0,0.0,0.0,0.0,0.0,0.0,0.0,0.0,1.0,0.0,0.0,0.0,0.0,0.0,0.0,0.0,64.0,0.0,0.0,0.0,0.0,0.0,0.0,2.0,0.0,0.0,0.0,251.0,-1.0,0.0,32.0,0.0,0.0,0.0,0.0,0.0,0.0,0.0,0.0
8080.0,2314.0,3.0,4.0,111.0,220.0,111.0,0.0,37.0,64.08588,185.0,0.0,55.0,88.223206,143042.34,3025.065,385.66666,364.21405,933.0,1.0,1101.0,550.5,758.7256,1087.0,14.0,1680.0,560.0,493.05475,933.0,1.0,0.0,0.0,0.0,0.0,104.0,136.0,1296.4563,1728.6085,0.0,185.0,41.375,69.77093,4867.982,0.0,0.0,0.0,1.0,0.0,0.0,0.0,0.0,1.0,47.285713,37.0,55.0,104.0,0.0,0.0,0.0,0.0,0.0,0.0,3.0,111.0,4.0,220.0,64240.0,255.0,1.0,32.0,0.0,0.0,0.0,0.0,0.0,0.0,0.0,0.0
8080.0,424.0,2.0,0.0,0.0,0.0,0.0,0.0,0.0,0.0,0.0,0.0,0.0,0.0,0.0,4716.981,424.0,0.0,424.0,424.0,424.0,424.0,0.0,424.0,424.0,0.0,0.0,0.0,0.0,0.0,0.0,0.0,0.0,0.0,64.0,0.0,4716.981,0.0,0.0,0.0,0.0,0.0,0.0,0.0,0.0,0.0,0.0,1.0,0.0,0.0,0.0,0.0,0.0,0.0,0.0,64.0,0.0,0.0,0.0,0.0,0.0,0.0,2.0,0.0,0.0,0.0,251.0,-1.0,0.0,32.0,0.0,0.0,0.0,0.0,0.0,0.0,0.0,0.0
8080.0,4256.0,3.0,4.0,111.0,220.0,111.0,0.0,37.0,64.08588,185.0,0.0,55.0,88.223206,77772.555,1644.7368,709.3333,677.7677,1949.0,0.0,1637.0,818.5,760.1398,1356.0,281.0,3391.0,1130.3334,1011.1886,1949.0,0.0,0.0,0.0,0.0,0.0,104.0,136.0,704.8872,939.8496,0.0,185.0,41.375,69.77093,4867.982,0.0,0.0,0.0,1.0,0.0,0.0,0.0,0.0,1.0,47.285713,37.0,55.0,104.0,0.0,0.0,0.0,0.0,0.0,0.0,3.0,111.0,4.0,220.0,64240.0,255.0,1.0,32.0,0.0,0.0,0.0,0.0,0.0,0.0,0.0,0.0
8080.0,289.0,2.0,0.0,0.0,0.0,0.0,0.0,0.0,0.0,0.0,0.0,0.0,0.0,0.0,6920.415,289.0,0.0,289.0,289.0,289.0,289.0,0.0,289.0,289.0,0.0,0.0,0.0,0.0,0.0,0.0,0.0,0.0,0.0,64.0,0.0,6920.415,0.0,0.0,0.0,0.0,0.0,0.0,0.0,0.0,0.0,0.0,1.0,0.0,0.0,0.0,0.0,0.0,0.0,0.0,64.0,0.0,0.0,0.0,0.0,0.0,0.0,2.0,0.0,0.0,0.0,251.0,-1.0,0.0,32.0,0.0,0.0,0.0,0.0,0.0,0.0,0.0,0.0
8080.0,20004.0,3.0,4.0,111.0,220.0,111.0,0.0,37.0,64.08588,185.0,0.0,55.0,88.223206,16546.691,349.93002,3334.0,3507.4177,8001.0,45.0,11349.0,5674.5,7961.3154,11304.0,45.0,14221.0,4740.3335,4073.5803,8001.0,174.0,0.0,0.0,0.0,0.0,104.0,136.0,149.97,199.96,0.0,185.0,41.375,69.77093,4867.982,0.0,0.0,0.0,1.0,0.0,0.0,0.0,0.0,1.0,47.285713,37.0,55.0,104.0,0.0,0.0,0.0,0.0,0.0,0.0,3.0,111.0,4.0,220.0,64240.0,255.0,1.0,32.0,0.0,0.0,0.0,0.0,0.0,0.0,0.0,0.0
8080.0,543.0,2.0,0.0,0.0,0.0,0.0,0.0,0.0,0.0,0.0,0.0,0.0,0.0,0.0,3683.2412,543.0,0.0,543.0,543.0,543.0,543.0,0.0,543.0,543.0,0.0,0.0,0.0,0.0,0.0,0.0,0.0,0.0,0.0,64.0,0.0,3683.2412,0.0,0.0,0.0,0.0,0.0,0.0,0.0,0.0,0.0,0.0,1.0,0.0,0.0,0.0,0.0,0.0,0.0,0.0,64.0,0.0,0.0,0.0,0.0,0.0,0.0,2.0,0.0,0.0,0.0,251.0,-1.0,0.0,32.0,0.0,0.0,0.0,0.0,0.0,0.0,0.0,0.0
8080.0,3711.0,3.0,4.0,111.0,220.0,111.0,0.0,37.0,64.08588,185.0,0.0,55.0,88.223206,89194.29,1886.284,618.5,594.1726,1753.0,0.0,1404.0,702.0,507.70267,1061.0,343.0,3177.0,1059.0,931.75696,1753.0,0.0,0.0,0.0,0.0,0.0,104.0,136.0,808.4074,1077.8766,0.0,185.0,41.375,69.77093,4867.982,0.0,0.0,0.0,1.0,0.0,0.0,0.0,0.0,1.0,47.285713,37.0,55.0,104.0,0.0,0.0,0.0,0.0,0.0,0.0,3.0,111.0,4.0,220.0,64240.0,255.0,1.0,32.0,0.0,0.0,0.0,0.0,0.0,0.0,0.0,0.0
8080.0,337.0,2.0,0.0,0.0,0.0,0.0,0.0,0.0,0.0,0.0,0.0,0.0,0.0,0.0,5934.7183,337.0,0.0,337.0,337.0,337.0,337.0,0.0,337.0,337.0,0.0,0.0,0.0,0.0,0.0,0.0,0.0,0.0,0.0,64.0,0.0,5934.7183,0.0,0.0,0.0,0.0,0.0,0.0,0.0,0.0,0.0,0.0,1.0,0.0,0.0,0.0,0.0,0.0,0.0,0.0,64.0,0.0,0.0,0.0,0.0,0.0,0.0,2.0,0.0,0.0,0.0,251.0,-1.0,0.0,32.0,0.0,0.0,0.0,0.0,0.0,0.0,0.0,0.0
8080.0,2195.0,3.0,4.0,111.0,220.0,111.0,0.0,37.0,64.08588,185.0,0.0,55.0,88.223206,150797.27,3189.0662,365.83334,343.0705,800.0,1.0,1215.0,607.5,836.5073,1199.0,16.0,1395.0,465.0,402.9541,727.0,1.0,0.0,0.0,0.0,0.0,104.0,136.0,1366.7426,1822.3235,0.0,185.0,41.375,69.77093,4867.982,0.0,0.0,0.0,1.0,0.0,0.0,0.0,0.0,1.0,47.285713,37.0,55.0,104.0,0.0,0.0,0.0,0.0,0.0,0.0,3.0,111.0,4.0,220.0,64240.0,255.0,1.0,32.0,0.0,0.0,0.0,0.0,0.0,0.0,0.0,0.0
8080.0,11.0,2.0,0.0,0.0,0.0,0.0,0.0,0.0,0.0,0.0,0.0,0.0,0.0,0.0,181818.19,11.0,0.0,11.0,11.0,11.0,11.0,0.0,11.0,11.0,0.0,0.0,0.0,0.0,0.0,0.0,0.0,0.0,0.0,64.0,0.0,181818.19,0.0,0.0,0.0,0.0,0.0,0.0,0.0,0.0,0.0,0.0,1.0,0.0,0.0,0.0,0.0,0.0,0.0,0.0,64.0,0.0,0.0,0.0,0.0,0.0,0.0,2.0,0.0,0.0,0.0,251.0,-1.0,0.0,32.0,0.0,0.0,0.0,0.0,0.0,0.0,0.0,0.0
8080.0,2837.0,3.0,4.0,111.0,220.0,111.0,0.0,37.0,64.08588,185.0,0.0,55.0,88.223206,116672.54,2467.395,472.83334,476.87332,1316.0,0.0,1234.0,617.0,742.4621,1142.0,92.0,2223.0,741.0,673.52136,1316.0,0.0,0.0,0.0,0.0,0.0,104.0,136.0,1057.4551,1409.9401,0.0,185.0,41.375,69.77093,4867.982,0.0,0.0,0.0,1.0,0.0,0.0,0.0,0.0,1.0,47.285713,37.0,55.0,104.0,0.0,0.0,0.0,0.0,0.0,0.0,3.0,111.0,4.0,220.0,64240.0,255.0,1.0,32.0,0.0,0.0,0.0,0.0,0.0,0.0,0.0,0.0
8080.0,12.0,2.0,0.0,0.0,0.0,0.0,0.0,0.0,0.0,0.0,0.0,0.0,0.0,0.0,166666.67,12.0,0.0,12.0,12.0,12.0,12.0,0.0,12.0,12.0,0.0,0.0,0.0,0.0,0.0,0.0,0.0,0.0,0.0,64.0,0.0,166666.67,0.0,0.0,0.0,0.0,0.0,0.0,0.0,0.0,0.0,0.0,1.0,0.0,0.0,0.0,0.0,0.0,0.0,0.0,64.0,0.0,0.0,0.0,0.0,0.0,0.0,2.0,0.0,0.0,0.0,251.0,-1.0,0.0,32.0,0.0,0.0,0.0,0.0,0.0,0.0,0.0,0.0
8080.0,6480.0,3.0,4.0,111.0,220.0,111.0,0.0,37.0,64.08588,185.0,0.0,55.0,88.223206,51080.246,1080.247,1080.0,1475.1556,3928.0,1.0,2208.0,1104.0,1138.4419,1909.0,299.0,5067.0,1689.0,2020.6516,3928.0,1.0,0.0,0.0,0.0,0.0,104.0,136.0,462.96295,617.28394,0.0,185.0,41.375,69.77093,4867.982,0.0,0.0,0.0,1.0,0.0,0.0,0.0,0.0,1.0,47.285713,37.0,55.0,104.0,0.0,0.0,0.0,0.0,0.0,0.0,3.0,111.0,4.0,220.0,64240.0,255.0,1.0,32.0,0.0,0.0,0.0,0.0,0.0,0.0,0.0,0.0
8080.0,366.0,2.0,0.0,0.0,0.0,0.0,0.0,0.0,0.0,0.0,0.0,0.0,0.0,0.0,5464.481,366.0,0.0,366.0,366.0,366.0,366.0,0.0,366.0,366.0,0.0,0.0,0.0,0.0,0.0,0.0,0.0,0.0,0.0,64.0,0.0,5464.481,0.0,0.0,0.0,0.0,0.0,0.0,0.0,0.0,0.0,0.0,1.0,0.0,0.0,0.0,0.0,0.0,0.0,0.0,64.0,0.0,0.0,0.0,0.0,0.0,0.0,2.0,0.0,0.0,0.0,251.0,-1.0,0.0,32.0,0.0,0.0,0.0,0.0,0.0,0.0,0.0,0.0
8080.0,3351.0,3.0,4.0,111.0,220.0,111.0,0.0,37.0,64.08588,185.0,0.0,55.0,88.223206,98776.484,2088.9287,558.5,497.2431,1419.0,14.0,1297.0,648.5,897.3185,1283.0,14.0,2607.0,869.0,643.0389,1419.0,162.0,0.0,0.0,0.0,0.0,104.0,136.0,895.2551,1193.6736,0.0,185.0,41.375,69.77093,4867.982,0.0,0.0,0.0,1.0,0.0,0.0,0.0,0.0,1.0,47.285713,37.0,55.0,104.0,0.0,0.0,0.0,0.0,0.0,0.0,3.0,111.0,4.0,220.0,64240.0,255.0,1.0,32.0,0.0,0.0,0.0,0.0,0.0,0.0,0.0,0.0
8080.0,16.0,2.0,0.0,0.0,0.0,0.0,0.0,0.0,0.0,0.0,0.0,0.0,0.0,0.0,125000.0,16.0,0.0,16.0,16.0,16.0,16.0,0.0,16.0,16.0,0.0,0.0,0.0,0.0,0.0,0.0,0.0,0.0,0.0,64.0,0.0,125000.0,0.0,0.0,0.0,0.0,0.0,0.0,0.0,0.0,0.0,0.0,1.0,0.0,0.0,0.0,0.0,0.0,0.0,0.0,64.0,0.0,0.0,0.0,0.0,0.0,0.0,2.0,0.0,0.0,0.0,251.0,-1.0,0.0,32.0,0.0,0.0,0.0,0.0,0.0,0.0,0.0,0.0
8080.0,3635.0,3.0,4.0,111.0,220.0,111.0,0.0,37.0,64.08588,185.0,0.0,55.0,88.223206,91059.15,1925.7222,605.8333,603.2361,1756.0,23.0,1069.0,534.5,723.37024,1046.0,23.0,3287.0,1095.6666,689.6668,1756.0,380.0,0.0,0.0,0.0,0.0,104.0,136.0,825.3095,1100.4126,0.0,185.0,41.375,69.77093,4867.982,0.0,0.0,0.0,1.0,0.0,0.0,0.0,0.0,1.0,47.285713,37.0,55.0,104.0,0.0,0.0,0.0,0.0,0.0,0.0,3.0,111.0,4.0,220.0,64240.0,255.0,1.0,32.0,0.0,0.0,0.0,0.0,0.0,0.0,0.0,0.0
8080.0,511.0,2.0,0.0,0.0,0.0,0.0,0.0,0.0,0.0,0.0,0.0,0.0,0.0,0.0,3913.8943,511.0,0.0,511.0,511.0,511.0,511.0,0.0,511.0,511.0,0.0,0.0,0.0,0.0,0.0,0.0,0.0,0.0,0.0,64.0,0.0,3913.8943,0.0,0.0,0.0,0.0,0.0,0.0,0.0,0.0,0.0,0.0,1.0,0.0,0.0,0.0,0.0,0.0,0.0,0.0,64.0,0.0,0.0,0.0,0.0,0.0,0.0,2.0,0.0,0.0,0.0,251.0,-1.0,0.0,32.0,0.0,0.0,0.0,0.0,0.0,0.0,0.0,0.0
8080.0,9164.0,3.0,4.0,111.0,220.0,111.0,0.0,37.0,64.08588,185.0,0.0,55.0,88.223206,36119.598,763.8586,1527.3334,1163.3337,3231.0,0.0,5549.0,2774.5,2625.4875,4631.0,918.0,7764.0,2588.0,2627.8684,5254.0,0.0,0.0,0.0,0.0,0.0,104.0,136.0,327.36795,436.4906,0.0,185.0,41.375,69.77093,4867.982,0.0,0.0,0.0,1.0,0.0,0.0,0.0,0.0,1.0,47.285713,37.0,55.0,104.0,0.0,0.0,0.0,0.0,0.0,0.0,3.0,111.0,4.0,220.0,64240.0,255.0,1.0,32.0,0.0,0.0,0.0,0.0,0.0,0.0,0.0,0.0
8080.0,160.0,2.0,0.0,0.0,0.0,0.0,0.0,0.0,0.0,0.0,0.0,0.0,0.0,0.0,12500.0,160.0,0.0,160.0,160.0,160.0,160.0,0.0,160.0,160.0,0.0,0.0,0.0,0.0,0.0,0.0,0.0,0.0,0.0,64.0,0.0,12500.0,0.0,0.0,0.0,0.0,0.0,0.0,0.0,0.0,0.0,0.0,1.0,0.0,0.0,0.0,0.0,0.0,0.0,0.0,64.0,0.0,0.0,0.0,0.0,0.0,0.0,2.0,0.0,0.0,0.0,251.0,-1.0,0.0,32.0,0.0,0.0,0.0,0.0,0.0,0.0,0.0,0.0
8080.0,3080.0,3.0,4.0,111.0,220.0,111.0,0.0,37.0,64.08588,185.0,0.0,55.0,88.223206,107467.53,2272.7273,513.3333,471.08542,1341.0,0.0,1333.0,666.5,695.08594,1158.0,175.0,2386.0,795.3333,704.50006,1341.0,0.0,0.0,0.0,0.0,0.0,104.0,136.0,974.026,1298.7013,0.0,185.0,41.375,69.77093,4867.982,0.0,0.0,0.0,1.0,0.0,0.0,0.0,0.0,1.0,47.285713,37.0,55.0,104.0,0.0,0.0,0.0,0.0,0.0,0.0,3.0,111.0,4.0,220.0,64240.0,255.0,1.0,32.0,0.0,0.0,0.0,0.0,0.0,0.0,0.0,0.0
8080.0,19.0,2.0,0.0,0.0,0.0,0.0,0.0,0.0,0.0,0.0,0.0,0.0,0.0,0.0,105263.16,19.0,0.0,19.0,19.0,19.0,19.0,0.0,19.0,19.0,0.0,0.0,0.0,0.0,0.0,0.0,0.0,0.0,0.0,64.0,0.0,105263.16,0.0,0.0,0.0,0.0,0.0,0.0,0.0,0.0,0.0,0.0,1.0,0.0,0.0,0.0,0.0,0.0,0.0,0.0,64.0,0.0,0.0,0.0,0.0,0.0,0.0,2.0,0.0,0.0,0.0,251.0,-1.0,0.0,32.0,0.0,0.0,0.0,0.0,0.0,0.0,0.0,0.0
8080.0,2956.0,3.0,4.0,111.0,220.0,111.0,0.0,37.0,64.08588,185.0,0.0,55.0,88.223206,111975.64,2368.065,492.66666,556.5949,1549.0,0.0,1036.0,518.0,612.3545,951.0,85.0,2414.0,804.6667,776.2605,1549.0,0.0,0.0,0.0,0.0,0.0,104.0,136.0,1014.885,1353.1799,0.0,185.0,41.375,69.77093,4867.982,0.0,0.0,0.0,1.0,0.0,0.0,0.0,0.0,1.0,47.285713,37.0,55.0,104.0,0.0,0.0,0.0,0.0,0.0,0.0,3.0,111.0,4.0,220.0,64240.0,255.0,1.0,32.0,0.0,0.0,0.0,0.0,0.0,0.0,0.0,0.0
8080.0,112.0,2.0,0.0,0.0,0.0,0.0,0.0,0.0,0.0,0.0,0.0,0.0,0.0,0.0,17857.143,112.0,0.0,112.0,112.0,112.0,112.0,0.0,112.0,112.0,0.0,0.0,0.0,0.0,0.0,0.0,0.0,0.0,0.0,64.0,0.0,17857.143,0.0,0.0,0.0,0.0,0.0,0.0,0.0,0.0,0.0,0.0,1.0,0.0,0.0,0.0,0.0,0.0,0.0,0.0,64.0,0.0,0.0,0.0,0.0,0.0,0.0,2.0,0.0,0.0,0.0,251.0,-1.0,0.0,32.0,0.0,0.0,0.0,0.0,0.0,0.0,0.0,0.0
8080.0,2865.0,3.0,4.0,111.0,220.0,111.0,0.0,37.0,64.08588,185.0,0.0,55.0,88.223206,115532.29,2443.281,477.5,503.2108,1403.0,0.0,1041.0,520.5,654.0738,983.0,58.0,2342.0,780.6667,714.7757,1403.0,0.0,0.0,0.0,0.0,0.0,104.0,136.0,1047.1204,1396.1605,0.0,185.0,41.375,69.77093,4867.982,0.0,0.0,0.0,1.0,0.0,0.0,0.0,0.0,1.0,47.285713,37.0,55.0,104.0,0.0,0.0,0.0,0.0,0.0,0.0,3.0,111.0,4.0,220.0,64240.0,255.0,1.0,32.0,0.0,0.0,0.0,0.0,0.0,0.0,0.0,0.0
8080.0,207.0,2.0,0.0,0.0,0.0,0.0,0.0,0.0,0.0,0.0,0.0,0.0,0.0,0.0,9661.836,207.0,0.0,207.0,207.0,207.0,207.0,0.0,207.0,207.0,0.0,0.0,0.0,0.0,0.0,0.0,0.0,0.0,0.0,64.0,0.0,9661.836,0.0,0.0,0.0,0.0,0.0,0.0,0.0,0.0,0.0,0.0,1.0,0.0,0.0,0.0,0.0,0.0,0.0,0.0,64.0,0.0,0.0,0.0,0.0,0.0,0.0,2.0,0.0,0.0,0.0,251.0,-1.0,0.0,32.0,0.0,0.0,0.0,0.0,0.0,0.0,0.0,0.0
8080.0,2570.0,3.0,4.0,111.0,220.0,111.0,0.0,37.0,64.08588,185.0,0.0,55.0,88.223206,128793.77,2723.7354,428.33334,377.98236,1114.0,0.0,1098.0,549.0,497.80316,901.0,197.0,2094.0,698.0,608.1875,1114.0,0.0,0.0,0.0,0.0,0.0,104.0,136.0,1167.3152,1556.4203,0.0,185.0,41.375,69.77093,4867.982,0.0,0.0,0.0,1.0,0.0,0.0,0.0,0.0,1.0,47.285713,37.0,55.0,104.0,0.0,0.0,0.0,0.0,0.0,0.0,3.0,111.0,4.0,220.0,64240.0,255.0,1.0,32.0,0.0,0.0,0.0,0.0,0.0,0.0,0.0,0.0
8080.0,183.0,2.0,0.0,0.0,0.0,0.0,0.0,0.0,0.0,0.0,0.0,0.0,0.0,0.0,10928.962,183.0,0.0,183.0,183.0,183.0,183.0,0.0,183.0,183.0,0.0,0.0,0.0,0.0,0.0,0.0,0.0,0.0,0.0,64.0,0.0,10928.962,0.0,0.0,0.0,0.0,0.0,0.0,0.0,0.0,0.0,0.0,1.0,0.0,0.0,0.0,0.0,0.0,0.0,0.0,64.0,0.0,0.0,0.0,0.0,0.0,0.0,2.0,0.0,0.0,0.0,251.0,-1.0,0.0,32.0,0.0,0.0,0.0,0.0,0.0,0.0,0.0,0.0
8080.0,2395.0,3.0,4.0,111.0,220.0,111.0,0.0,37.0,64.08588,185.0,0.0,55.0,88.223206,138204.6,2922.7559,399.16666,425.2667,1163.0,0.0,879.0,439.5,603.1621,866.0,13.0,1899.0,633.0,588.3018,1163.0,0.0,0.0,0.0,0.0,0.0,104.0,136.0,1252.6096,1670.1461,0.0,185.0,41.375,69.77093,4867.982,0.0,0.0,0.0,1.0,0.0,0.0,0.0,0.0,1.0,47.285713,37.0,55.0,104.0,0.0,0.0,0.0,0.0,0.0,0.0,3.0,111.0,4.0,220.0,64240.0,255.0,1.0,32.0,0.0,0.0,0.0,0.0,0.0,0.0,0.0,0.0
8080.0,214.0,2.0,0.0,0.0,0.0,0.0,0.0,0.0,0.0,0.0,0.0,0.0,0.0,0.0,9345.794,214.0,0.0,214.0,214.0,214.0,214.0,0.0,214.0,214.0,0.0,0.0,0.0,0.0,0.0,0.0,0.0,0.0,0.0,64.0,0.0,9345.794,0.0,0.0,0.0,0.0,0.0,0.0,0.0,0.0,0.0,0.0,1.0,0.0,0.0,0.0,0.0,0.0,0.0,0.0,64.0,0.0,0.0,0.0,0.0,0.0,0.0,2.0,0.0,0.0,0.0,251.0,-1.0,0.0,32.0,0.0,0.0,0.0,0.0,0.0,0.0,0.0,0.0
8080.0,4280.0,3.0,4.0,111.0,220.0,111.0,0.0,37.0,64.08588,185.0,0.0,55.0,88.223206,77336.445,1635.514,713.3333,580.1223,1802.0,142.0,1468.0,734.0,837.2144,1326.0,142.0,3438.0,1146.0,611.41473,1802.0,592.0,0.0,0.0,0.0,0.0,104.0,136.0,700.9346,934.57947,0.0,185.0,41.375,69.77093,4867.982,0.0,0.0,0.0,1.0,0.0,0.0,0.0,0.0,1.0,47.285713,37.0,55.0,104.0,0.0,0.0,0.0,0.0,0.0,0.0,3.0,111.0,4.0,220.0,64240.0,255.0,1.0,32.0,0.0,0.0,0.0,0.0,0.0,0.0,0.0,0.0
8080.0,334.0,2.0,0.0,0.0,0.0,0.0,0.0,0.0,0.0,0.0,0.0,0.0,0.0,0.0,5988.024,334.0,0.0,334.0,334.0,334.0,334.0,0.0,334.0,334.0,0.0,0.0,0.0,0.0,0.0,0.0,0.0,0.0,0.0,64.0,0.0,5988.024,0.0,0.0,0.0,0.0,0.0,0.0,0.0,0.0,0.0,0.0,1.0,0.0,0.0,0.0,0.0,0.0,0.0,0.0,64.0,0.0,0.0,0.0,0.0,0.0,0.0,2.0,0.0,0.0,0.0,251.0,-1.0,0.0,32.0,0.0,0.0,0.0,0.0,0.0,0.0,0.0,0.0
8080.0,3409.0,3.0,4.0,111.0,220.0,111.0,0.0,37.0,64.08588,185.0,0.0,55.0,88.223206,97095.92,2053.3882,568.1667,638.7708,1829.0,85.0,1164.0,582.0,555.78595,975.0,189.0,2877.0,959.0,872.0069,1829.0,85.0,0.0,0.0,0.0,0.0,104.0,136.0,880.02344,1173.3646,0.0,185.0,41.375,69.77093,4867.982,0.0,0.0,0.0,1.0,0.0,0.0,0.0,0.0,1.0,47.285713,37.0,55.0,104.0,0.0,0.0,0.0,0.0,0.0,0.0,3.0,111.0,4.0,220.0,64240.0,255.0,1.0,32.0,0.0,0.0,0.0,0.0,0.0,0.0,0.0,0.0
8080.0,79.0,2.0,0.0,0.0,0.0,0.0,0.0,0.0,0.0,0.0,0.0,0.0,0.0,0.0,25316.455,79.0,0.0,79.0,79.0,79.0,79.0,0.0,79.0,79.0,0.0,0.0,0.0,0.0,0.0,0.0,0.0,0.0,0.0,64.0,0.0,25316.455,0.0,0.0,0.0,0.0,0.0,0.0,0.0,0.0,0.0,0.0,1.0,0.0,0.0,0.0,0.0,0.0,0.0,0.0,64.0,0.0,0.0,0.0,0.0,0.0,0.0,2.0,0.0,0.0,0.0,251.0,-1.0,0.0,32.0,0.0,0.0,0.0,0.0,0.0,0.0,0.0,0.0
8080.0,3634.0,3.0,4.0,111.0,220.0,111.0,0.0,37.0,64.08588,185.0,0.0,55.0,88.223206,91084.2,1926.2521,605.6667,796.7383,2165.0,0.0,1098.0,549.0,692.96466,1039.0,59.0,3056.0,1018.6667,1088.1316,2165.0,0.0,0.0,0.0,0.0,0.0,104.0,136.0,825.5366,1100.7155,0.0,185.0,41.375,69.77093,4867.982,0.0,0.0,0.0,1.0,0.0,0.0,0.0,0.0,1.0,47.285713,37.0,55.0,104.0,0.0,0.0,0.0,0.0,0.0,0.0,3.0,111.0,4.0,220.0,64240.0,255.0,1.0,32.0,0.0,0.0,0.0,0.0,0.0,0.0,0.0,0.0
8080.0,524.0,2.0,0.0,0.0,0.0,0.0,0.0,0.0,0.0,0.0,0.0,0.0,0.0,0.0,3816.794,524.0,0.0,524.0,524.0,524.0,524.0,0.0,524.0,524.0,0.0,0.0,0.0,0.0,0.0,0.0,0.0,0.0,0.0,64.0,0.0,3816.794,0.0,0.0,0.0,0.0,0.0,0.0,0.0,0.0,0.0,0.0,1.0,0.0,0.0,0.0,0.0,0.0,0.0,0.0,64.0,0.0,0.0,0.0,0.0,0.0,0.0,2.0,0.0,0.0,0.0,251.0,-1.0,0.0,32.0,0.0,0.0,0.0,0.0,0.0,0.0,0.0,0.0
8080.0,4186.0,3.0,4.0,111.0,220.0,111.0,0.0,37.0,64.08588,185.0,0.0,55.0,88.223206,79073.1,1672.2408,697.6667,1163.6785,3057.0,0.0,869.0,434.5,392.44427,712.0,157.0,3820.0,1273.3334,1591.1135,3057.0,0.0,0.0,0.0,0.0,0.0,104.0,136.0,716.6746,955.56616,0.0,185.0,41.375,69.77093,4867.982,0.0,0.0,0.0,1.0,0.0,0.0,0.0,0.0,1.0,47.285713,37.0,55.0,104.0,0.0,0.0,0.0,0.0,0.0,0.0,3.0,111.0,4.0,220.0,64240.0,255.0,1.0,32.0,0.0,0.0,0.0,0.0,0.0,0.0,0.0,0.0
8080.0,193.0,2.0,0.0,0.0,0.0,0.0,0.0,0.0,0.0,0.0,0.0,0.0,0.0,0.0,10362.694,193.0,0.0,193.0,193.0,193.0,193.0,0.0,193.0,193.0,0.0,0.0,0.0,0.0,0.0,0.0,0.0,0.0,0.0,64.0,0.0,10362.694,0.0,0.0,0.0,0.0,0.0,0.0,0.0,0.0,0.0,0.0,1.0,0.0,0.0,0.0,0.0,0.0,0.0,0.0,64.0,0.0,0.0,0.0,0.0,0.0,0.0,2.0,0.0,0.0,0.0,251.0,-1.0,0.0,32.0,0.0,0.0,0.0,0.0,0.0,0.0,0.0,0.0
8080.0,2717.0,3.0,4.0,111.0,220.0,111.0,0.0,37.0,64.08588,185.0,0.0,55.0,88.223206,121825.54,2576.371,452.83334,359.92523,1054.0,1.0,1269.0,634.5,611.64734,1067.0,202.0,2220.0,740.0,642.3947,1165.0,1.0,0.0,0.0,0.0,0.0,104.0,136.0,1104.159,1472.212,0.0,185.0,41.375,69.77093,4867.982,0.0,0.0,0.0,1.0,0.0,0.0,0.0,0.0,1.0,47.285713,37.0,55.0,104.0,0.0,0.0,0.0,0.0,0.0,0.0,3.0,111.0,4.0,220.0,64240.0,255.0,1.0,32.0,0.0,0.0,0.0,0.0,0.0,0.0,0.0,0.0
8080.0,13.0,2.0,0.0,0.0,0.0,0.0,0.0,0.0,0.0,0.0,0.0,0.0,0.0,0.0,153846.16,13.0,0.0,13.0,13.0,13.0,13.0,0.0,13.0,13.0,0.0,0.0,0.0,0.0,0.0,0.0,0.0,0.0,0.0,64.0,0.0,153846.16,0.0,0.0,0.0,0.0,0.0,0.0,0.0,0.0,0.0,0.0,1.0,0.0,0.0,0.0,0.0,0.0,0.0,0.0,64.0,0.0,0.0,0.0,0.0,0.0,0.0,2.0,0.0,0.0,0.0,251.0,-1.0,0.0,32.0,0.0,0.0,0.0,0.0,0.0,0.0,0.0,0.0
8080.0,7105.0,3.0,4.0,111.0,220.0,111.0,0.0,37.0,64.08588,185.0,0.0,55.0,88.223206,46586.91,985.2217,1184.1666,2148.205,5558.0,127.0,1080.0,540.0,584.0702,953.0,127.0,6558.0,2186.0,2938.267,5558.0,175.0,0.0,0.0,0.0,0.0,104.0,136.0,422.23785,562.9838,0.0,185.0,41.375,69.77093,4867.982,0.0,0.0,0.0,1.0,0.0,0.0,0.0,0.0,1.0,47.285713,37.0,55.0,104.0,0.0,0.0,0.0,0.0,0.0,0.0,3.0,111.0,4.0,220.0,64240.0,255.0,1.0,32.0,0.0,0.0,0.0,0.0,0.0,0.0,0.0,0.0
8080.0,333.0,2.0,0.0,0.0,0.0,0.0,0.0,0.0,0.0,0.0,0.0,0.0,0.0,0.0,6006.006,333.0,0.0,333.0,333.0,333.0,333.0,0.0,333.0,333.0,0.0,0.0,0.0,0.0,0.0,0.0,0.0,0.0,0.0,64.0,0.0,6006.006,0.0,0.0,0.0,0.0,0.0,0.0,0.0,0.0,0.0,0.0,1.0,0.0,0.0,0.0,0.0,0.0,0.0,0.0,64.0,0.0,0.0,0.0,0.0,0.0,0.0,2.0,0.0,0.0,0.0,251.0,-1.0,0.0,32.0,0.0,0.0,0.0,0.0,0.0,0.0,0.0,0.0
8080.0,3182.0,3.0,4.0,111.0,220.0,111.0,0.0,37.0,64.08588,185.0,0.0,55.0,88.223206,104022.625,2199.8743,530.3333,492.29,1477.0,95.0,1133.0,566.5,666.8017,1038.0,95.0,2655.0,885.0,625.88257,1477.0,230.0,0.0,0.0,0.0,0.0,104.0,136.0,942.8033,1257.071,0.0,185.0,41.375,69.77093,4867.982,0.0,0.0,0.0,1.0,0.0,0.0,0.0,0.0,1.0,47.285713,37.0,55.0,104.0,0.0,0.0,0.0,0.0,0.0,0.0,3.0,111.0,4.0,220.0,64240.0,255.0,1.0,32.0,0.0,0.0,0.0,0.0,0.0,0.0,0.0,0.0
8080.0,179.0,2.0,0.0,0.0,0.0,0.0,0.0,0.0,0.0,0.0,0.0,0.0,0.0,0.0,11173.185,179.0,0.0,179.0,179.0,179.0,179.0,0.0,179.0,179.0,0.0,0.0,0.0,0.0,0.0,0.0,0.0,0.0,0.0,64.0,0.0,11173.185,0.0,0.0,0.0,0.0,0.0,0.0,0.0,0.0,0.0,0.0,1.0,0.0,0.0,0.0,0.0,0.0,0.0,0.0,64.0,0.0,0.0,0.0,0.0,0.0,0.0,2.0,0.0,0.0,0.0,251.0,-1.0,0.0,32.0,0.0,0.0,0.0,0.0,0.0,0.0,0.0,0.0
8080.0,3462.0,3.0,4.0,111.0,220.0,111.0,0.0,37.0,64.08588,185.0,0.0,55.0,88.223206,95609.48,2021.9526,577.0,651.2213,1867.0,81.0,1024.0,512.0,609.52606,943.0,81.0,2917.0,972.3333,830.8558,1867.0,225.0,0.0,0.0,0.0,0.0,104.0,136.0,866.55115,1155.4015,0.0,185.0,41.375,69.77093,4867.982,0.0,0.0,0.0,1.0,0.0,0.0,0.0,0.0,1.0,47.285713,37.0,55.0,104.0,0.0,0.0,0.0,0.0,0.0,0.0,3.0,111.0,4.0,220.0,64240.0,255.0,1.0,32.0,0.0,0.0,0.0,0.0,0.0,0.0,0.0,0.0
8080.0,16.0,2.0,0.0,0.0,0.0,0.0,0.0,0.0,0.0,0.0,0.0,0.0,0.0,0.0,125000.0,16.0,0.0,16.0,16.0,16.0,16.0,0.0,16.0,16.0,0.0,0.0,0.0,0.0,0.0,0.0,0.0,0.0,0.0,64.0,0.0,125000.0,0.0,0.0,0.0,0.0,0.0,0.0,0.0,0.0,0.0,0.0,1.0,0.0,0.0,0.0,0.0,0.0,0.0,0.0,64.0,0.0,0.0,0.0,0.0,0.0,0.0,2.0,0.0,0.0,0.0,251.0,-1.0,0.0,32.0,0.0,0.0,0.0,0.0,0.0,0.0,0.0,0.0
8080.0,3270.0,3.0,4.0,111.0,220.0,111.0,0.0,37.0,64.08588,185.0,0.0,55.0,88.223206,101223.24,2140.6729,545.0,520.4206,1568.0,143.0,1103.0,551.5,577.70624,960.0,143.0,2714.0,904.6667,660.51825,1568.0,247.0,0.0,0.0,0.0,0.0,104.0,136.0,917.4312,1223.2416,0.0,185.0,41.375,69.77093,4867.982,0.0,0.0,0.0,1.0,0.0,0.0,0.0,0.0,1.0,47.285713,37.0,55.0,104.0,0.0,0.0,0.0,0.0,0.0,0.0,3.0,111.0,4.0,220.0,64240.0,255.0,1.0,32.0,0.0,0.0,0.0,0.0,0.0,0.0,0.0,0.0
8080.0,202.0,2.0,0.0,0.0,0.0,0.0,0.0,0.0,0.0,0.0,0.0,0.0,0.0,0.0,9900.99,202.0,0.0,202.0,202.0,202.0,202.0,0.0,202.0,202.0,0.0,0.0,0.0,0.0,0.0,0.0,0.0,0.0,0.0,64.0,0.0,9900.99,0.0,0.0,0.0,0.0,0.0,0.0,0.0,0.0,0.0,0.0,1.0,0.0,0.0,0.0,0.0,0.0,0.0,0.0,64.0,0.0,0.0,0.0,0.0,0.0,0.0,2.0,0.0,0.0,0.0,251.0,-1.0,0.0,32.0,0.0,0.0,0.0,0.0,0.0,0.0,0.0,0.0
8080.0,3189.0,3.0,4.0,111.0,220.0,111.0,0.0,37.0,64.08588,185.0,0.0,55.0,88.223206,103794.29,2195.0454,531.5,348.45416,1135.0,74.0,1149.0,574.5,707.8139,1075.0,74.0,2578.0,859.3333,309.8392,1135.0,524.0,0.0,0.0,0.0,0.0,104.0,136.0,940.73376,1254.3116,0.0,185.0,41.375,69.77093,4867.982,0.0,0.0,0.0,1.0,0.0,0.0,0.0,0.0,1.0,47.285713,37.0,55.0,104.0,0.0,0.0,0.0,0.0,0.0,0.0,3.0,111.0,4.0,220.0,64240.0,255.0,1.0,32.0,0.0,0.0,0.0,0.0,0.0,0.0,0.0,0.0
8080.0,1072.0,2.0,0.0,0.0,0.0,0.0,0.0,0.0,0.0,0.0,0.0,0.0,0.0,0.0,1865.6716,1072.0,0.0,1072.0,1072.0,1072.0,1072.0,0.0,1072.0,1072.0,0.0,0.0,0.0,0.0,0.0,0.0,0.0,0.0,0.0,64.0,0.0,1865.6716,0.0,0.0,0.0,0.0,0.0,0.0,0.0,0.0,0.0,0.0,1.0,0.0,0.0,0.0,0.0,0.0,0.0,0.0,64.0,0.0,0.0,0.0,0.0,0.0,0.0,2.0,0.0,0.0,0.0,251.0,-1.0,0.0,32.0,0.0,0.0,0.0,0.0,0.0,0.0,0.0,0.0
8080.0,3683.0,3.0,4.0,111.0,220.0,111.0,0.0,37.0,64.08588,185.0,0.0,55.0,88.223206,89872.38,1900.6245,613.8333,902.7198,2395.0,1.0,1022.0,511.0,705.69257,1010.0,12.0,3081.0,1027.0,1233.0985,2395.0,1.0,0.0,0.0,0.0,0.0,104.0,136.0,814.55334,1086.0712,0.0,185.0,41.375,69.77093,4867.982,0.0,0.0,0.0,1.0,0.0,0.0,0.0,0.0,1.0,47.285713,37.0,55.0,104.0,0.0,0.0,0.0,0.0,0.0,0.0,3.0,111.0,4.0,220.0,64240.0,255.0,1.0,32.0,0.0,0.0,0.0,0.0,0.0,0.0,0.0,0.0
8080.0,11.0,2.0,0.0,0.0,0.0,0.0,0.0,0.0,0.0,0.0,0.0,0.0,0.0,0.0,181818.19,11.0,0.0,11.0,11.0,11.0,11.0,0.0,11.0,11.0,0.0,0.0,0.0,0.0,0.0,0.0,0.0,0.0,0.0,64.0,0.0,181818.19,0.0,0.0,0.0,0.0,0.0,0.0,0.0,0.0,0.0,0.0,1.0,0.0,0.0,0.0,0.0,0.0,0.0,0.0,64.0,0.0,0.0,0.0,0.0,0.0,0.0,2.0,0.0,0.0,0.0,251.0,-1.0,0.0,32.0,0.0,0.0,0.0,0.0,0.0,0.0,0.0,0.0
8080.0,11579.0,3.0,4.0,111.0,220.0,111.0,0.0,37.0,64.08588,185.0,0.0,55.0,88.223206,28586.234,604.5427,1929.8334,3480.2512,8988.0,0.0,1560.0,780.0,941.8662,1446.0,114.0,10837.0,3612.3333,4746.3716,8988.0,0.0,0.0,0.0,0.0,0.0,104.0,136.0,259.08972,345.45297,0.0,185.0,41.375,69.77093,4867.982,0.0,0.0,0.0,1.0,0.0,0.0,0.0,0.0,1.0,47.285713,37.0,55.0,104.0,0.0,0.0,0.0,0.0,0.0,0.0,3.0,111.0,4.0,220.0,64240.0,255.0,1.0,32.0,0.0,0.0,0.0,0.0,0.0,0.0,0.0,0.0
8080.0,455.0,2.0,0.0,0.0,0.0,0.0,0.0,0.0,0.0,0.0,0.0,0.0,0.0,0.0,4395.6045,455.0,0.0,455.0,455.0,455.0,455.0,0.0,455.0,455.0,0.0,0.0,0.0,0.0,0.0,0.0,0.0,0.0,0.0,64.0,0.0,4395.6045,0.0,0.0,0.0,0.0,0.0,0.0,0.0,0.0,0.0,0.0,1.0,0.0,0.0,0.0,0.0,0.0,0.0,0.0,64.0,0.0,0.0,0.0,0.0,0.0,0.0,2.0,0.0,0.0,0.0,251.0,-1.0,0.0,32.0,0.0,0.0,0.0,0.0,0.0,0.0,0.0,0.0
8080.0,4583.0,3.0,4.0,111.0,220.0,111.0,0.0,37.0,64.08588,185.0,0.0,55.0,88.223206,72223.44,1527.3838,763.8333,894.56256,2411.0,0.0,1723.0,861.5,1034.4972,1593.0,130.0,3469.0,1156.3334,1208.5042,2411.0,0.0,0.0,0.0,0.0,0.0,104.0,136.0,654.5931,872.7908,0.0,185.0,41.375,69.77093,4867.982,0.0,0.0,0.0,1.0,0.0,0.0,0.0,0.0,1.0,47.285713,37.0,55.0,104.0,0.0,0.0,0.0,0.0,0.0,0.0,3.0,111.0,4.0,220.0,64240.0,255.0,1.0,32.0,0.0,0.0,0.0,0.0,0.0,0.0,0.0,0.0
8080.0,131.0,2.0,0.0,0.0,0.0,0.0,0.0,0.0,0.0,0.0,0.0,0.0,0.0,0.0,15267.176,131.0,0.0,131.0,131.0,131.0,131.0,0.0,131.0,131.0,0.0,0.0,0.0,0.0,0.0,0.0,0.0,0.0,0.0,64.0,0.0,15267.176,0.0,0.0,0.0,0.0,0.0,0.0,0.0,0.0,0.0,0.0,1.0,0.0,0.0,0.0,0.0,0.0,0.0,0.0,64.0,0.0,0.0,0.0,0.0,0.0,0.0,2.0,0.0,0.0,0.0,251.0,-1.0,0.0,32.0,0.0,0.0,0.0,0.0,0.0,0.0,0.0,0.0
8080.0,290.0,1.0,1.0,0.0,0.0,0.0,0.0,0.0,0.0,0.0,0.0,0.0,0.0,0.0,6896.552,290.0,0.0,290.0,290.0,0.0,0.0,0.0,0.0,0.0,0.0,0.0,0.0,0.0,0.0,0.0,0.0,0.0,0.0,32.0,32.0,3448.276,3448.276,0.0,0.0,0.0,0.0,0.0,0.0,0.0,0.0,0.0,1.0,1.0,0.0,0.0,1.0,0.0,0.0,0.0,32.0,0.0,0.0,0.0,0.0,0.0,0.0,1.0,0.0,1.0,0.0,251.0,255.0,0.0,32.0,0.0,0.0,0.0,0.0,0.0,0.0,0.0,0.0
